P:m,P:l,净利润,年化收益率%
8,3,18351002.33,152.49
9,8,17154503.63,142
13,7,19655172.61,141.41
6,16,15961892.73,140.18
13,8,19435070.96,139.82
8,4,16343739.57,135.81
13,12,18796563.5,135.23
13,11,18591366.34,133.75
13,9,18588854.34,133.74
8,7,15881207.39,131.97
9,4,15767284.27,130.52
6,15,14814680.77,130.11
14,8,18002367.8,129.52
14,13,17866047.93,128.54
13,10,17843939.62,128.38
10,12,14890149.65,126.65
14,12,17569860.57,126.4
10,11,14852966.1,126.34
14,11,17529871.44,126.12
6,7,14340276.82,125.94
14,9,17451385.69,125.55
14,10,17451385.69,125.55
13,5,17374319.98,125
8,9,15040971.62,124.5
8,10,14924764.51,124.02
8,6,14947826.72,123.73
6,50,13787130.27,123.6
6,17,14029448.43,123.21
9,10,14763564.5,122.68
8,5,14618626.83,121.47
6,13,13807684.4,121.27
6,18,13775351.26,120.98
6,49,13442603.2,120.51
12,9,16765040.15,120.15
11,12,16235600.48,120.02
6,10,13622583.42,119.64
5,15,13582021.93,119.28
5,50,13236461.83,119.15
6,20,13554535.81,119.04
5,16,13542830.25,118.94
16,8,16294423.71,118.59
6,23,13485370.41,118.43
6,48,12862179.29,118.25
15,10,16337702.44,117.99
8,11,14170251.87,117.75
10,13,13843133.36,117.75
6,14,13390948.88,117.61
15,12,16279373.31,117.57
15,11,16278111.26,117.56
6,19,13378884.38,117.5
12,7,16376145.37,117.37
12,8,16364130.56,117.28
5,14,13354313.84,117.28
18,8,15826804.48,117
18,14,15818637.32,116.94
18,15,15799044.81,116.8
14,5,16163605.91,116.29
6,39,12605760.18,115.89
4,10,11637455.27,115.86
9,13,13604121.93,115.71
6,44,12578546.65,115.64
6,45,12578546.65,115.64
6,46,12578546.65,115.64
6,47,12578546.65,115.64
9,7,13946933.01,115.45
6,22,13141080.38,115.41
12,10,16094097.37,115.35
15,9,15971898.45,115.35
16,9,15826151.04,115.18
16,10,15815185.56,115.1
16,11,15815185.56,115.1
17,8,15692287.45,115.1
9,11,13833808.18,114.95
8,12,13454263.71,114.89
5,45,12756783.1,114.84
5,46,12756783.1,114.84
5,47,12756783.1,114.84
5,48,12756783.1,114.84
5,49,12756783.1,114.84
10,16,13551358.64,114.81
11,9,15890191.39,114.76
18,16,15504224.83,114.62
6,8,13049355.23,114.61
5,18,12994825.06,114.13
9,5,13762587.21,113.92
5,9,12967776.17,113.89
18,9,15377020.48,113.68
18,11,15377020.48,113.68
18,12,15377020.48,113.68
11,10,15727974.79,113.59
6,11,12924474.73,113.51
6,21,12918905.63,113.46
5,17,12833546.88,112.71
5,10,12827007.43,112.65
10,9,13517912.32,112.33
6,9,12772269.06,112.17
16,7,15390243.35,112.01
6,42,12182360.96,112
6,43,12182360.96,112
19,18,15154554.81,111.59
16,12,15314508.31,111.46
18,10,15062155.24,111.35
15,13,15410258.79,111.29
6,40,12103526.18,111.27
6,41,12103526.18,111.27
17,16,15153113.42,111.15
4,11,11139367.49,110.9
17,7,15067255.81,110.52
18,13,14930961.61,110.38
5,44,12261808.94,110.38
13,6,15340857.42,110.37
9,6,13315879.48,110.22
9,12,12951675.96,110.16
5,40,12212487.1,109.94
5,41,12212487.1,109.94
7,14,12500698.31,109.79
6,12,12494453.02,109.73
5,13,12483319.98,109.63
12,6,15278654.64,109.5
16,13,15038412.31,109.45
9,3,13214058.63,109.38
17,9,14907803.21,109.35
11,8,15114072.52,109.15
17,12,14868330.63,109.06
6,24,12413833.78,109.02
10,14,12802517.09,108.9
8,13,12721951.96,108.64
6,38,11793765.57,108.43
7,15,12327655.17,108.27
15,14,14970102.78,108.12
11,14,14619903.48,108.08
12,11,15079066.13,108.07
18,17,14614952.36,108.04
12,13,14664984.63,107.99
5,43,11704418.13,107.6
14,4,14950163.22,107.56
5,42,11937490.98,107.46
5,11,12231923.07,107.43
14,6,14903309.6,107.22
6,25,12190385.43,107.06
4,13,10721727.75,106.75
15,5,14771965.09,106.68
15,7,14771147.75,106.68
9,42,11305514.73,106.66
9,43,11305514.73,106.66
16,14,14649527.96,106.62
17,10,14534514.34,106.61
17,11,14534514.34,106.61
10,8,12793706.53,106.31
8,49,11550852.37,106.19
5,19,12087252.96,106.16
11,15,14408465.3,106.1
14,7,14702876.4,105.78
17,13,14413893.84,105.72
15,8,14630054.32,105.66
7,17,12011579,105.49
15,6,14593107.86,105.39
8,14,12330332.58,105.29
10,7,12640431.63,105.04
9,44,11123189.36,104.94
9,28,11748516.98,104.89
8,45,11406946.57,104.87
8,46,11406946.57,104.87
9,45,11111564.18,104.83
9,46,11111564.18,104.83
9,33,11399659.7,104.8
7,10,11929491.17,104.77
12,5,14606352.82,104.68
17,14,14213861.5,104.26
19,14,14158298.42,104.26
19,15,14151539.37,104.21
19,8,14144158.44,104.15
19,9,14144158.44,104.15
17,15,14195740.56,104.12
4,12,10452866.78,104.07
7,9,11841321.19,104
8,48,11299717.01,103.88
10,15,12206011.85,103.82
8,41,11290580.43,103.8
17,6,14136130.97,103.69
9,26,11587159.95,103.45
5,20,11720098.22,102.93
9,20,11698907.83,102.74
10,17,12069673.17,102.26
5,12,11638864.94,102.22
8,50,11089742.23,101.95
20,13,13773986.01,101.83
9,47,10781129.47,101.71
8,47,11060919.48,101.69
9,32,11051732.3,101.6
9,23,11554989.17,101.48
10,44,10861882.4,101.47
7,16,11536776.01,101.32
7,13,11517789.14,101.15
19,10,13728537.73,101.09
19,11,13728537.73,101.09
19,12,13728537.73,101.09
8,40,10989183.6,101.03
6,29,11493439.9,100.94
6,4,10574600.86,100.91
10,27,11286232.33,100.76
6,26,11463518.33,100.68
9,16,11835282.58,100.67
8,38,10948595.63,100.66
5,21,11456639.18,100.62
5,22,11456639.18,100.62
5,23,11456639.18,100.62
8,39,10927864.37,100.47
7,18,11437785.23,100.45
9,21,11437606.36,100.45
9,41,10647587.3,100.45
11,13,13573819.06,100.35
16,4,13758287.75,100.13
10,18,11626074.99,100.07
7,11,11393961.18,100.07
20,14,13519290.29,99.94
9,29,10861175.48,99.85
6,27,11352084.3,99.7
20,19,13475420.7,99.62
16,15,13685444.28,99.6
10,3,11951256.68,99.31
19,17,13483872.24,99.29
8,43,10799058.4,99.28
9,18,11668320.48,99.25
8,42,10794416.08,99.24
9,30,10792011.47,99.22
6,37,10789007.33,99.19
9,27,11109305.3,99.18
20,7,13406441.65,99.11
20,8,13406441.65,99.11
19,16,13457843.51,99.1
10,24,11278032.28,99.05
10,42,10576495.3,98.81
8,33,10735367.84,98.7
15,4,9871746.33,98.68
9,50,10731263.93,98.66
9,22,11230092.56,98.63
9,31,10720615.75,98.56
10,43,10527803.2,98.35
9,19,11377139.14,98.32
4,9,9873519.14,98.3
6,28,11191784.68,98.29
7,20,11173489.1,98.13
7,21,11173489.1,98.13
9,48,10399458.37,98.11
9,49,10399458.37,98.11
8,44,10670196.92,98.1
5,24,11168177.41,98.08
9,34,10665984.8,98.06
19,13,13304154.91,97.97
6,32,10899698.32,97.71
10,19,11344654.19,97.65
6,35,10882853.84,97.56
9,14,11449890.4,97.39
6,36,10592575.21,97.38
20,12,13128720.77,97.06
9,15,11409960.97,97.05
20,15,13108901.55,96.91
8,37,10540916.88,96.91
8,32,10523777.44,96.75
20,9,13084205.02,96.73
20,10,13084205.02,96.73
20,11,13084205.02,96.73
10,25,10833021.76,96.71
10,45,10341918.96,96.61
10,21,11189033.53,96.31
9,37,10205379.38,96.28
22,12,12858215.75,96.19
6,31,10727813.79,96.17
5,25,10925127.22,95.95
5,26,10925127.22,95.95
9,17,11276738.97,95.92
4,5,9957929.23,95.81
8,16,11212243.05,95.75
6,33,10673799.28,95.69
10,28,10394832.57,95.57
11,17,12805523.28,95.42
20,18,12875741.81,95.19
6,30,10603936.2,95.06
9,35,10338946.5,95.05
8,36,10327099.96,94.94
22,13,12680777.75,94.87
8,31,10307283.45,94.76
7,12,10763827.69,94.53
20,16,12774881.52,94.44
5,39,10259533.46,94.32
11,6,13047830.9,94.23
13,4,13072782.53,94.05
11,7,13013843.64,93.99
8,35,10218658.81,93.95
21,13,12602398,93.9
8,15,10991999.83,93.87
10,40,10029443.56,93.69
12,14,12720774.85,93.67
4,18,9730890.31,93.62
11,16,12682457.24,93.39
8,17,10933705.59,93.37
10,41,9980681.2,93.24
9,36,9879042.09,93.2
4,8,9357257.85,93.16
10,20,10808028.91,93.03
11,18,12478376.79,92.98
10,46,9938273.97,92.84
21,14,12453804.04,92.8
7,22,10564460.25,92.78
4,19,9605653.66,92.42
16,5,12692563.23,92.38
5,38,10258281.06,92.35
20,17,12488315.85,92.32
6,34,10292664.33,92.27
9,38,9761278.48,92.09
9,25,10445204.05,91.73
10,26,10249869.09,91.51
7,43,9946196.8,91.44
22,14,12218990.79,91.41
7,19,10403928.3,91.37
7,46,9933724.99,91.33
7,45,9929082.67,91.28
4,16,9475653.05,91.17
24,17,12132279.9,91.13
24,18,12132279.9,91.13
9,2,9485139.23,91.1
4,14,9149878.64,91.1
6,5,9514894.92,90.8
24,16,12084437.12,90.77
9,24,10334286.52,90.76
11,23,11682720.53,90.65
8,34,9856541.48,90.62
13,18,12178436.24,90.39
5,37,10040884.84,90.39
12,15,12219484.93,89.98
22,9,12016416.81,89.9
22,10,12016416.81,89.9
22,11,12016416.81,89.9
7,44,9759227.63,89.72
9,40,9499905.88,89.63
4,17,9313758.95,89.61
7,23,10202717.26,89.6
5,32,9944481.65,89.52
10,47,9575890.68,89.46
5,33,9913510.13,89.24
7,41,9703806.74,89.21
7,42,9703806.74,89.21
21,10,11953835.19,89.07
21,11,11953835.19,89.07
10,48,9529995.86,89.03
4,15,9222898.46,88.74
9,39,9379003.71,88.49
7,33,9623644.23,88.48
10,39,9465612.85,88.43
13,15,11913610.17,88.42
10,22,10067553.5,88.42
10,23,10059830.48,88.35
21,12,11834272.32,88.18
11,20,11784616.52,88.16
7,40,9579004.14,88.06
16,6,12095522.01,88.03
24,23,11708312.19,87.94
7,47,9564222.95,87.93
7,48,9564222.95,87.93
7,49,9564222.95,87.93
21,16,11793608.04,87.88
7,50,9825649.12,87.72
21,15,11771005.48,87.71
10,29,9539414.93,87.7
24,15,11654561.97,87.54
10,31,9518875.46,87.51
13,17,11782567.36,87.45
5,27,9956506.25,87.44
10,5,10512012.64,87.35
8,28,9773383.76,87.25
7,27,9922269.05,87.14
24,20,11594854.18,87.09
5,7,9914747.32,87.08
10,49,9319155.04,87.06
21,19,11657168.65,86.86
4,7,8723786.41,86.86
22,16,11588975.57,86.7
10,34,9278605.07,86.68
11,25,11168449.72,86.66
23,14,11556173.41,86.45
24,21,11491457.59,86.31
10,6,10379326.12,86.25
11,46,10510936.15,86.19
10,32,9373131.12,86.17
7,39,9366409.7,86.11
22,15,11508090.25,86.09
21,17,11546529.45,86.04
12,16,11681696.29,86.02
21,18,11529414.8,85.91
5,34,9541802.15,85.9
7,37,9325999.08,85.74
8,18,10026874.38,85.62
8,26,9746079.28,85.59
8,20,9740641.71,85.55
10,30,9305495.43,85.55
7,8,9736975.64,85.51
5,28,9730171.86,85.45
24,22,11365474.99,85.37
22,20,11387160.86,85.19
5,6,9695536.86,85.15
13,14,11561251.26,85.13
5,8,9685920.47,85.07
7,34,9232241.93,84.88
10,35,9079081.65,84.82
4,21,8814520.52,84.81
4,22,8814520.52,84.81
4,23,8814520.52,84.81
4,24,8814520.52,84.81
11,21,11097275.11,84.71
23,15,11312987.24,84.63
24,19,11267143.54,84.63
22,21,11298827.58,84.53
11,24,10875497.1,84.39
21,20,11287345.04,84.11
13,16,11322230.19,84.03
4,20,8730425.67,84
11,47,10237939.29,83.95
20,6,10112075.17,83.94
25,15,11094649.48,83.67
10,4,10057661.81,83.57
10,33,8942781.01,83.54
22,17,11153517.63,83.44
22,19,11151511.75,83.42
11,32,10147667.17,83.21
22,18,11122006.51,83.2
25,19,11025777.09,83.15
25,20,11025777.09,83.15
11,27,10404875.37,83.14
5,29,9462772.18,83.11
10,38,8896686.28,83.11
11,19,11092838.57,82.99
7,24,9415162.6,82.69
5,31,9183448.32,82.67
25,18,10961596.02,82.66
7,28,9245790.48,82.54
25,14,10930431.46,82.43
5,35,9150256.32,82.37
5,36,9150256.32,82.37
10,50,8814350.74,82.34
11,45,10031786.05,82.26
8,21,9364031.92,82.24
4,25,8544082.46,82.21
11,5,11364355.62,82.07
11,43,9990190.65,81.92
22,6,10939174.93,81.84
22,7,10939174.93,81.84
22,8,10939174.93,81.84
13,19,11019882.5,81.79
9,1,7356108.16,81.65
23,21,10904671.24,81.58
15,3,8161803.1,81.58
25,16,10816137.37,81.57
8,23,9229200.85,81.05
5,30,9000941.08,81.03
8,27,9050387.66,80.8
11,48,9848558.24,80.76
21,7,10819459.27,80.62
21,8,10819459.27,80.62
7,29,9009706.1,80.44
17,4,10952583.42,80.34
8,29,8966019.25,80.05
8,30,8966019.25,80.05
8,22,9111565.65,80.02
23,19,10666864.87,79.8
7,32,8918335.53,79.62
7,38,8652385.77,79.55
11,22,10404589.81,79.42
23,20,10577761,79.13
11,35,9642637.58,79.07
12,21,10345216.51,78.97
8,19,8988319.54,78.94
23,16,10546683.56,78.9
10,36,8439403.67,78.84
25,22,10449387.63,78.8
11,44,9606920.71,78.77
7,25,8962103.85,78.71
23,18,10517034.79,78.68
23,22,10504851.31,78.59
25,13,10399594.08,78.42
19,7,9660506.73,78.3
11,36,9543504.48,78.25
23,17,10454504.24,78.21
21,9,10482457.72,78.11
8,24,8888666.41,78.06
12,17,10473541.26,78.04
7,31,8712273.21,77.78
12,4,10848377.47,77.75
11,31,9438260.86,77.39
11,28,9668859.31,77.26
11,29,9668859.31,77.26
12,26,9661665.01,77.2
7,30,8647518.42,77.2
25,24,10223524.84,77.1
12,19,10372667.7,76.98
7,35,8344189.2,76.71
11,26,9591408.5,76.64
11,49,9332097.47,76.52
25,23,10106167.51,76.21
26,12,9949657.42,75.95
12,27,9497277.2,75.89
7,26,8639982.87,75.88
4,28,7885378.6,75.87
11,33,9251429.84,75.86
10,2,7849588.44,75.84
7,36,8244752.26,75.8
25,21,10049616.94,75.79
11,39,9227298.63,75.66
11,40,9227298.63,75.66
10,37,8092653.19,75.6
24,11,10030823.15,75.34
6,3,7820250.27,75.3
4,27,7819866.94,75.24
12,18,10092153.67,75.2
13,24,9404777.58,75.15
26,13,9844597.52,75.14
11,41,9143228.88,74.97
12,28,9117680.47,74.76
13,20,9790118.32,74.73
8,25,8507607.91,74.72
4,6,7499077.17,74.66
4,26,7757063.98,74.63
11,38,9070941.01,74.38
11,37,9044187.71,74.16
18,6,10029322.36,74.14
26,14,9698617.18,74.03
26,15,9672746.72,73.83
26,19,9649003.25,73.65
23,11,9836317.47,73.59
23,12,9836317.47,73.59
24,12,9776464.46,73.43
26,18,9604812.04,73.31
11,42,8940115.16,73.31
12,34,8919534.7,73.14
22,5,9773046.55,73.11
12,45,8902772.31,73
24,13,9717387.19,72.99
11,30,8893816.11,72.93
12,44,8884734.54,72.85
12,25,9109697.75,72.79
26,22,9525546.46,72.71
26,16,9496582.16,72.49
26,17,9496582.16,72.49
11,34,8814600.89,72.28
12,24,9274689.13,71.96
12,42,8761548.91,71.84
25,17,9520462.47,71.79
11,50,8740786.96,71.67
24,8,9526180.44,71.55
24,9,9526180.44,71.55
13,21,9364368.86,71.48
23,13,9553596.27,71.47
18,7,9644903.81,71.3
12,46,8679420.13,71.17
5,4,7614707.39,71.14
12,47,8662404.81,71.03
8,2,7607283.71,70.71
24,14,9405929.44,70.65
27,11,9246992.85,70.58
27,12,9246992.85,70.58
26,20,9196218.01,70.2
26,21,9196218.01,70.2
12,20,9177195.95,70.05
23,9,9358187.83,70.01
23,10,9358187.83,70.01
12,22,9168725.54,69.99
26,25,9160165.06,69.92
27,13,9134578.83,69.73
12,35,8486743.82,69.59
7,4,7245835.43,69.43
12,23,8916226.02,69.18
12,36,8436679.13,69.18
26,10,9046201.57,69.05
26,11,9046201.57,69.05
4,44,7151678.71,68.81
4,45,7151678.71,68.81
4,46,7151678.71,68.81
4,47,7151678.71,68.81
4,48,7151678.71,68.81
27,14,8989048.26,68.61
25,10,9089610.09,68.55
27,19,8978883.18,68.54
4,50,7120859.43,68.51
27,18,8910670.53,68.02
24,10,9033049.59,67.85
14,3,9394799.72,67.59
27,8,8852691.45,67.57
27,9,8852691.45,67.57
13,23,8700293.26,67.51
15,16,9094270.04,67.5
27,22,8831073.77,67.41
12,43,8221051.04,67.41
27,23,8815438.04,67.29
27,21,8814055.27,67.28
4,30,6976639.23,67.12
12,48,8178503.6,67.06
4,42,6966103.66,67.02
4,43,6966103.66,67.02
27,17,8771226.1,66.95
26,23,8762355.31,66.88
26,24,8762355.31,66.88
13,26,8355789.35,66.77
27,16,8704053.97,66.44
25,11,8802326.73,66.38
25,12,8802326.73,66.38
27,15,8696929.4,66.38
12,37,8094312.62,66.37
12,49,8067298.83,66.15
4,29,6841815.46,65.83
14,16,8856283.94,65.73
12,32,7986426.46,65.49
12,41,7978785.18,65.42
13,22,8409400.55,65.25
13,25,8156795.48,65.18
12,50,7912673.9,64.88
10,1,6173262.27,64.81
27,20,8489404.79,64.8
13,2,6193710.49,64.7
25,7,8565403.73,64.59
25,8,8565403.73,64.59
25,9,8565403.73,64.59
13,33,7866304.6,64.5
4,49,6699938.89,64.46
15,17,8666382.88,64.32
15,18,8664411.08,64.31
27,10,8393735.37,64.07
12,30,7812493.22,64.06
14,15,8636784.61,63.85
27,26,8353296.28,63.76
6,2,6618273.73,63.73
21,6,7331457.65,63.53
27,25,8320536.75,63.51
29,11,8249906.88,62.97
29,12,8249906.88,62.97
28,11,8236640.8,62.87
28,12,8236640.8,62.87
14,18,8388923,62.26
14,17,8386663.93,62.24
13,32,7586817.54,62.21
29,13,8148827.6,62.2
28,13,8147848.37,62.19
27,24,8146402.47,62.18
12,40,7568722.64,62.06
29,3,7020865.51,62.01
4,31,6442042.82,61.98
11,4,8552677.71,61.77
12,31,7531000.74,61.75
12,39,7498587.55,61.49
13,34,7494511.67,61.45
12,33,7493729.98,61.45
28,17,8007610.24,61.12
5,3,6543000.29,61.12
13,44,7448361,61.07
12,38,7370116.04,60.43
16,17,7900067.66,60.3
13,27,7349448.44,60.26
28,15,7885425.13,60.19
28,26,7874275.57,60.11
12,29,7324764.4,60.06
29,16,7866328.16,60.04
28,16,7833958.57,59.8
4,33,6148767.7,59.16
29,15,7734956.09,59.04
4,32,6135488.79,59.03
14,19,7952497.9,59.02
7,3,6106554.7,59.02
29,14,7729912.35,59
28,14,7726534.32,58.98
21,5,6793943.09,58.88
11,3,8143115.58,58.81
13,42,7172314.6,58.81
28,27,7693255.61,58.72
13,43,7161589.13,58.72
15,19,7688939.74,58.69
28,25,7656978.54,58.45
13,40,7106686.65,58.27
17,5,7866763.89,57.7
29,4,6523120.36,57.62
13,28,7023070,57.59
4,40,5953394.88,57.28
4,41,5953394.88,57.28
29,9,7503512.88,57.27
29,10,7503512.88,57.27
29,28,7486543.29,57.15
17,19,7346035.22,57
4,39,5909811.83,56.86
28,10,7442222.8,56.81
13,30,6887435.3,56.48
28,24,7391119.84,56.42
28,20,7388052.26,56.39
28,21,7388052.26,56.39
28,18,7382312.64,56.35
16,3,5609782.57,56.07
17,20,7220064.05,56.02
30,7,7319960.42,55.87
16,18,7314426.03,55.83
13,36,6808777.41,55.83
33,2,5870942.19,55.79
30,11,7267725.53,55.48
30,12,7267725.53,55.48
13,46,6764611.07,55.47
28,7,7248122.24,55.33
34,3,7237119.16,55.24
29,27,7234599.47,55.22
28,22,7228752.66,55.18
13,31,6729287.97,55.18
13,48,6727527.99,55.16
13,41,6717295.8,55.08
28,23,7173515.71,54.76
15,21,7034704.87,54.58
29,23,7144029.42,54.53
18,3,7352149.49,54.35
4,34,5640290.54,54.27
14,20,7068438.92,53.95
15,20,7066020.42,53.94
14,21,7064448.61,53.92
29,17,7050605.37,53.82
13,49,6562382.5,53.81
13,35,6560396.85,53.79
4,35,5588483.52,53.77
13,29,6533861.14,53.58
32,2,5597725.34,53.58
4,37,5566190.9,53.55
4,38,5566190.9,53.55
29,7,7009250.52,53.5
8,1,5753108.2,53.47
18,5,7225974.18,53.42
28,19,6985841,53.32
31,3,5880531.05,53.31
29,24,6982709.3,53.3
29,25,6982709.3,53.3
14,24,6664829.26,53.25
13,47,6492319.94,53.24
13,3,5298854.71,53.18
18,4,7139768.24,52.78
30,13,6901971.55,52.68
31,12,6884153.74,52.55
29,21,6875090.85,52.48
29,22,6875090.85,52.48
13,50,6394200.79,52.43
13,37,6389428.08,52.39
28,8,6858713.81,52.35
29,19,6858072.34,52.35
29,20,6858072.34,52.35
30,14,6828109.64,52.12
26,9,6809040.99,51.97
4,36,5400942.14,51.96
16,19,6781170.37,51.76
20,42,5532868.35,51.69
20,40,5522704.21,51.59
17,3,7032551.91,51.58
24,6,5624833.56,51.56
15,22,6642127.67,51.54
17,21,6448918.1,51.53
13,39,6252467.55,51.27
16,2,4892179.09,51.1
13,45,6224411.16,51.04
6,1,5270814.51,50.76
18,20,6509594.24,50.51
30,8,6616036.78,50.5
18,29,6044579.25,50.45
17,18,6795437.42,50.44
30,5,6604805.94,50.42
15,23,6262705.59,50.04
30,9,6552551.93,50.02
30,10,6552551.93,50.02
30,19,6543855.83,49.95
28,5,5660856.12,49.84
19,6,6146542.13,49.82
7,6,5153270.59,49.38
14,22,6360522.18,49.35
28,9,6460487.35,49.31
16,20,6343657.43,49.22
24,7,5366980.52,49.2
18,43,5207319.43,49.14
29,26,6409703.88,48.93
14,25,6120017.57,48.9
29,8,6339594.21,48.39
18,44,5125507.01,48.36
28,6,5212526.15,48.35
30,20,6315282.74,48.21
16,21,6211636.05,48.2
30,23,6283028.64,47.96
30,24,6283028.64,47.96
30,21,6260535.54,47.79
20,41,5100800.36,47.65
30,25,6213880.88,47.43
30,26,6213880.88,47.43
11,2,4874291.3,47.29
31,11,6193490.34,47.28
14,23,5914978.42,47.26
18,19,6178166.57,47.16
30,16,6173596.16,47.12
33,3,5037512.71,47.06
30,22,6156625.95,46.99
31,8,6151567.33,46.96
31,9,6151567.33,46.96
31,10,6151567.33,46.96
12,2,4835657.31,46.91
18,45,4961148.18,46.81
30,6,6124977.16,46.75
30,28,6112876.1,46.66
15,46,5588374.62,46.64
30,15,6106689.95,46.61
20,46,4988377.35,46.6
27,6,5005156.93,46.43
13,38,5645642.97,46.29
15,25,5626414.61,46.14
15,30,5580193.09,45.76
26,7,4920561.37,45.64
35,3,5976439.1,45.62
14,50,5451926.21,45.5
14,49,5448860.54,45.47
31,13,5925346.36,45.23
31,14,5917069.2,45.17
20,43,4835508.19,45.17
16,30,5379949.3,44.9
18,46,4756878.75,44.89
32,3,4644139.8,44.45
14,40,5313524.94,44.34
31,15,5800592.79,44.28
30,3,4922133.7,44.04
14,26,5347045.66,43.84
14,35,5229696.12,43.64
14,31,5314537.47,43.58
31,16,5701540.38,43.52
29,18,5699752.52,43.51
23,7,4818308.76,43.48
31,4,4782502.58,43.35
29,5,4905987.94,43.33
20,4,5218954.21,43.32
36,3,5668579.11,43.27
18,47,4578333.21,43.2
31,6,5650092.22,43.13
31,7,5650092.22,43.13
30,27,5628355.81,42.96
21,39,4640756.51,42.94
16,29,5232711.79,42.91
7,5,4477934.78,42.91
30,29,5618486.77,42.89
30,4,4787045.8,42.83
20,45,4571103.9,42.7
14,27,5200573.57,42.64
14,34,5196695.05,42.61
32,12,5552017.47,42.38
20,44,4533454.94,42.35
32,11,5534166.14,42.24
17,29,5046526.15,42.12
27,5,5008259.18,42.08
21,40,4526721.04,41.89
33,21,5483427.23,41.86
26,3,5068256.59,41.82
27,7,4500872.53,41.75
16,22,5210983.54,41.64
17,46,4369738.52,41.57
23,8,4585253.24,41.38
33,4,5409581.13,41.29
14,33,5031560.94,41.26
26,6,4044946.61,41.1
18,48,4343524.38,40.98
15,33,4889866.46,40.81
17,22,5106070.71,40.8
16,31,4887341.75,40.79
30,17,5341106.45,40.77
30,18,5341106.45,40.77
14,32,4970413.95,40.76
16,32,4860488.33,40.56
33,6,5309895.05,40.53
32,13,5308663.08,40.52
18,42,4275359.09,40.34
31,29,5281330.75,40.31
33,22,5276477.46,40.28
32,4,5262933.72,40.17
7,1,4143528.36,40.05
33,12,5241397.51,40.01
14,39,4786988.73,39.95
16,47,4193211.61,39.89
21,42,4305264.44,39.84
15,34,4762939.94,39.75
18,41,4198222.52,39.61
15,27,4811722.59,39.45
16,48,4143721.59,39.42
15,24,4930221.96,39.39
33,13,5152369.99,39.33
17,45,4132576.18,39.32
14,48,4692669.55,39.16
18,49,4138459.07,39.05
17,44,4095397.45,38.96
15,26,4720572.14,38.71
15,40,4631591.44,38.65
14,30,4712013.55,38.64
14,28,4710944.92,38.63
21,41,4168721.15,38.58
15,32,4613093.82,38.5
17,47,4046411.64,38.5
32,14,5034429.16,38.43
32,15,5034429.16,38.43
32,10,5019645.23,38.32
33,14,5010864.28,38.25
27,3,4551570.36,38.24
33,23,5007148.49,38.22
20,47,4089062.22,38.2
3,12,3796678.76,38.15
33,15,4994562.43,38.12
33,16,4994562.43,38.12
18,23,4643210.3,38.07
17,48,3997041.68,38.03
16,24,4636946.46,38.02
17,23,4751867.48,37.97
17,24,4616663.94,37.86
31,30,4949192.01,37.78
18,21,4727369.34,37.77
16,33,4526290.22,37.77
31,26,4945263.36,37.75
33,17,4928274.27,37.62
33,18,4928274.27,37.62
33,19,4928274.27,37.62
33,20,4928274.27,37.62
16,49,3939606.75,37.48
31,17,4906662.13,37.45
31,18,4906662.13,37.45
31,19,4906662.13,37.45
31,20,4906662.13,37.45
31,21,4906662.13,37.45
4,3,3742575.13,37.28
15,31,4465147.19,37.26
4,2,3738102.59,37.24
28,3,4349660.01,37.23
15,39,4454010.61,37.17
22,38,3996361.91,36.98
31,27,4842120.9,36.96
16,25,4493379.51,36.84
17,25,4487339.67,36.79
7,2,3800387.46,36.73
33,24,4800998.32,36.65
18,1,4954079.09,36.62
18,2,4954079.09,36.62
33,5,4797705.13,36.62
26,8,3940864.15,36.56
31,5,4785774.87,36.53
34,21,4769671.13,36.41
18,22,4557054.44,36.41
33,7,4766667.95,36.38
33,8,4766667.95,36.38
33,9,4766667.95,36.38
33,10,4766667.95,36.38
31,22,4754661.68,36.29
31,23,4754661.68,36.29
15,49,4344401.41,36.26
20,5,4359198.38,36.18
31,24,4722795.75,36.05
29,6,4080985.83,36.05
3,4,3579526.22,35.97
21,43,3878909.23,35.89
33,11,4690209.06,35.8
3,5,3560494.36,35.78
20,21,4473962.83,35.75
14,42,4263531.57,35.58
25,3,3330676.03,35.57
14,29,4329557.38,35.5
35,4,4631730.63,35.35
35,5,4631730.63,35.35
37,4,4622584.49,35.28
38,4,4616920.02,35.24
14,37,4218600.6,35.21
17,28,4205780,35.1
31,28,4592273.48,35.05
18,50,3711674.55,35.02
31,25,4577917.03,34.94
34,15,4548453.55,34.72
17,26,4229304.97,34.68
19,5,4267838.91,34.59
32,22,4511557.46,34.44
17,30,4122799.14,34.41
17,31,4122799.14,34.41
21,38,3715041.89,34.38
16,26,4187217.31,34.33
14,41,4101363.55,34.23
14,36,4100997.08,34.22
22,39,3696306.03,34.2
3,11,3401376.83,34.18
34,16,4477071.42,34.17
34,17,4477071.42,34.17
34,18,4477071.42,34.17
34,19,4477071.42,34.17
16,23,4270473.45,34.12
15,38,4077827.64,34.03
34,22,4449799.51,33.97
19,46,3598596.49,33.96
34,8,4439231.07,33.89
34,9,4439231.07,33.89
15,36,4060032.98,33.88
19,44,3594984.45,33.81
25,6,3315524.64,33.69
34,5,4394259.16,33.54
34,6,4394259.16,33.54
14,43,4006505.68,33.44
17,43,3510268.44,33.4
15,50,3986833,33.27
15,28,4052698.43,33.23
20,48,3548748.34,33.15
15,45,3962496.01,33.07
37,3,4328136.62,33.04
34,10,4327033.56,33.03
34,11,4327033.56,33.03
32,16,4306014.13,32.87
32,17,4306014.13,32.87
32,18,4306014.13,32.87
32,19,4306014.13,32.87
32,20,4306014.13,32.87
32,21,4306014.13,32.87
23,40,3799032.35,32.81
32,23,4295876.61,32.79
3,17,3254531.94,32.7
18,28,3917325.93,32.69
23,39,3777337.9,32.62
15,47,3401359.62,32.59
34,23,4263568.07,32.54
34,24,4263568.07,32.54
34,20,4261614.61,32.53
33,30,4254842.53,32.48
19,45,3437685.05,32.44
15,35,3866250.96,32.27
14,38,3862530.98,32.23
36,4,4195138.75,32.02
36,5,4195138.75,32.02
15,48,3833171.41,31.99
34,12,4173757.98,31.86
27,4,3782811.6,31.78
24,3,2966967.2,31.58
20,38,3360787.19,31.4
15,29,3823177.58,31.35
20,39,3346030.58,31.26
23,38,3596310.52,31.06
22,4,3578327.03,31.01
34,25,4047762.52,30.9
17,49,3246676.14,30.89
19,47,3272148.05,30.88
3,13,3071376.53,30.86
16,50,3229800.39,30.73
3,15,3049915.71,30.65
34,14,4013644.44,30.64
33,25,4008310.52,30.6
37,5,4001852.78,30.55
37,6,4001852.78,30.55
19,20,3928131.13,30.48
16,43,3186531.86,30.41
12,3,3132082.91,30.39
34,13,3978123.29,30.37
14,46,3623014.88,30.24
3,18,3009294.5,30.24
28,4,3518432.43,30.11
32,5,3943477.44,30.1
32,6,3943477.44,30.1
34,4,3942466.72,30.09
14,2,2864399.22,30
33,26,3908015.72,29.83
14,47,3570283.43,29.8
24,45,3371384.39,29.58
39,4,3868960.38,29.53
32,29,3868562.44,29.53
20,24,3579409.93,29.35
32,9,3839652.56,29.31
34,7,3835896.64,29.28
17,50,3077694.03,29.28
4,1,2889485.49,29.26
3,14,2906641.88,29.21
24,46,3320827.24,29.14
28,2,3378923.91,28.92
18,25,3519842.69,28.86
34,26,3769481.17,28.77
19,43,3057204.42,28.75
18,24,3503716.47,28.73
3,50,2858007.87,28.72
15,41,3432317.5,28.64
29,2,3282693.41,28.54
33,27,3735273.46,28.51
14,44,3403518.11,28.4
3,21,2808384.17,28.22
38,5,3693700.17,28.19
26,2,3416759.88,28.19
46,4,3692264.97,28.18
23,42,3252395.28,28.09
35,8,3675634.02,28.06
35,9,3675634.02,28.06
3,16,2790168.29,28.04
17,38,2927985.37,27.94
18,30,2974819.78,27.93
32,30,3647307.47,27.84
3,20,2764609.27,27.78
14,45,3324032.27,27.74
20,2,3316495.15,27.53
23,47,3119140.59,27.5
16,46,2885881.09,27.46
17,37,2874566.82,27.43
3,6,2729855.76,27.43
21,4,3223757.23,27.34
36,6,3577015.25,27.3
32,24,3571399.92,27.26
23,46,3084237.12,27.19
35,10,3557262.91,27.15
23,48,3068149.82,27.05
23,41,3128622.16,27.02
16,39,2830946.29,27.01
3,22,2684454.77,26.98
17,36,2824454.56,26.95
35,17,3522192.07,26.89
16,27,3264192.07,26.77
16,28,3264192.07,26.77
19,42,2828864.17,26.69
17,32,2788977.26,26.61
24,40,3064923.34,26.47
34,2,2800080.07,26.42
23,49,2988917.92,26.35
33,31,3447277.01,26.31
38,3,3447111.51,26.31
38,2,3445476.36,26.3
18,27,3202161.19,26.26
21,46,3036226.02,26.22
32,7,3434046.44,26.21
32,8,3434046.44,26.21
18,33,2788865.58,26.18
21,45,3026182.69,26.13
35,11,3403980.41,25.98
33,28,3389747.25,25.87
3,19,2572872.73,25.85
32,25,3365747.04,25.69
27,2,3051885.28,25.64
26,4,3099558.65,25.57
22,40,2960111.42,25.56
35,18,3342050.41,25.51
18,35,2698462.42,25.33
24,37,2908995.81,25.12
3,8,2495442.87,25.08
21,2,2955593.49,25.06
24,38,2901969.89,25.06
3,23,2492829.82,25.05
19,48,2651913.12,25.02
35,14,3276245.75,25.01
20,23,3041698.1,24.94
18,31,2652586.04,24.9
18,26,3035759.43,24.89
3,49,2466363.73,24.78
3,9,2440587.27,24.52
3,10,2440587.27,24.52
16,38,2564518.89,24.47
35,12,3203074.36,24.45
35,13,3203074.36,24.45
46,6,3184198.07,24.31
46,7,3184198.07,24.31
35,15,3182114.84,24.29
35,16,3182114.84,24.29
19,41,2582513.82,24.26
20,37,2592897.81,24.22
17,33,2535136.03,24.19
5,2,2461697.76,24.11
23,43,2768386.99,23.91
3,7,2368463.85,23.8
17,42,2488466.08,23.67
20,36,2532780.3,23.66
35,19,3097238.88,23.64
35,20,3097238.88,23.64
5,1,2397727.52,23.49
35,21,3072840.16,23.46
35,22,3072840.16,23.46
3,24,2327470.62,23.39
35,6,3060143.8,23.36
35,7,3060143.8,23.36
32,26,3054125.86,23.31
16,42,2441391.77,23.3
20,27,2777664.72,23.18
19,49,2446147.46,23.08
16,41,2399005.59,22.89
24,41,2637822.81,22.78
22,42,2617529.4,22.6
20,34,2419167.63,22.6
20,35,2419167.63,22.6
24,48,2564939.32,22.51
39,9,2938798.89,22.43
24,4,2445403.69,22.42
24,39,2590305.9,22.37
22,41,2590156.6,22.37
21,37,2409120.17,22.29
16,40,2332691.82,22.26
21,34,2396246.59,22.17
32,27,2900671.06,22.14
32,28,2893802.13,22.09
3,45,2168740.54,21.79
3,46,2168740.54,21.79
3,47,2168740.54,21.79
45,4,2840206.76,21.77
46,5,2847241.4,21.73
34,31,2838680.8,21.67
34,27,2837262.18,21.66
24,43,2460036.25,21.59
35,23,2824401.44,21.56
35,24,2824401.44,21.56
35,25,2824401.44,21.56
39,5,2823729.72,21.55
21,44,2484284.97,21.45
13,1,2042666.43,21.34
18,32,2272228.72,21.33
3,43,2122169.85,21.33
3,44,2122169.85,21.33
20,49,2365165.84,21.23
47,5,2779479.16,21.22
47,6,2779479.16,21.22
47,7,2779479.16,21.22
49,5,2777457.38,21.2
22,3,2443703.31,21.18
33,32,2766315.6,21.12
17,39,2212129.2,21.11
37,9,2749674.13,20.99
37,10,2749674.13,20.99
50,5,2749185.42,20.98
48,5,2746298.54,20.96
48,6,2746298.54,20.96
14,1,2001713.14,20.96
36,9,2724748.43,20.8
39,3,2706338.5,20.66
30,2,2305837.03,20.63
17,27,2509372.03,20.58
32,31,2689442.31,20.53
15,37,2454653.39,20.49
23,50,2318194.97,20.44
21,47,2355603.86,20.34
24,44,2313428.08,20.3
23,45,2345113.74,20.25
39,2,2647376.39,20.21
28,31,2379010.05,20.16
24,42,2334778.31,20.16
21,23,2441889.9,20.02
24,47,2279077.14,20
22,44,2312981.05,19.97
16,37,2087767.7,19.92
33,29,2606322.6,19.89
20,22,2423258.67,19.87
23,3,2194480.04,19.8
22,43,2286882.9,19.75
31,2,2178416.23,19.75
23,6,2186898.08,19.74
3,25,1947358.08,19.57
18,40,2071039.14,19.54
18,34,2077802.32,19.51
21,36,2083883.15,19.28
17,34,2019921.68,19.28
17,35,2019921.68,19.28
21,1,2271167.57,19.26
25,4,1797880.98,19.2
23,44,2220013.5,19.17
23,37,2219659.33,19.17
37,7,2480096.86,18.93
28,32,2229847.63,18.9
15,42,1972472.15,18.9
20,3,2273377.51,18.87
24,49,2149805.82,18.86
40,9,2462736.41,18.8
20,25,2288920.32,18.77
25,44,2086893.66,18.77
3,48,1836517.66,18.45
36,13,2402719.9,18.34
21,22,2237229.97,18.34
36,11,2386557.99,18.22
19,4,2247851.54,18.22
22,37,1968415.6,18.22
2,50,1846082.55,18.21
38,9,2381448.07,18.18
38,10,2381448.07,18.18
34,33,2379153.14,18.16
46,8,2372469.15,18.11
46,9,2372469.15,18.11
46,10,2372469.15,18.11
46,11,2372469.15,18.11
46,12,2372469.15,18.11
39,7,2366040.6,18.06
39,8,2366040.6,18.06
36,14,2341841.23,17.88
36,10,2336294.87,17.83
21,48,2058694.75,17.78
42,3,2327807.47,17.77
36,12,2326979.53,17.76
36,15,2319993.03,17.71
16,45,1853833.74,17.64
26,42,2073862.67,17.58
11,1,1724982.19,17.55
39,10,2293460.39,17.51
19,50,1854971.48,17.5
20,50,1947433.97,17.48
21,35,1887716.98,17.47
21,50,2011585.45,17.37
27,39,2040686.85,17.3
16,44,1816594.98,17.28
50,4,1619033.31,17.27
16,36,1801733.32,17.19
28,30,2026738.66,17.18
27,40,2023327.43,17.15
27,32,2016176.1,17.09
36,7,2233073.11,17.05
36,8,2233073.11,17.05
20,26,2039437.79,17.02
20,33,1819036.63,16.99
22,34,1833984.59,16.97
22,46,1961948.95,16.94
19,24,2065043.35,16.93
15,43,1763423.35,16.9
37,1,1780280.33,16.68
20,32,1782525.69,16.65
34,28,2158090.31,16.47
37,8,2132563.4,16.28
37,11,2132563.4,16.28
37,12,2132563.4,16.28
37,13,2132563.4,16.28
37,14,2132563.4,16.28
37,15,2132563.4,16.28
24,50,1843829.77,16.18
36,16,2116828.91,16.16
22,50,1787894.39,16.08
48,16,2104937,16.07
39,6,2084985.88,15.91
22,2,1770165.61,15.91
22,48,1825752.65,15.77
28,37,1930967.55,15.71
40,6,2053872.09,15.68
19,26,1912301.44,15.68
47,8,2036398.84,15.54
47,9,2036398.84,15.54
47,10,2036398.84,15.54
47,11,2036398.84,15.54
47,12,2036398.84,15.54
42,4,2034611.09,15.53
42,5,2034611.09,15.53
15,44,1619416.48,15.52
25,38,1793190.55,15.48
24,5,1678020.18,15.38
20,30,1651762.49,15.38
36,18,2011945.08,15.36
26,46,1749131.5,15.32
19,22,1866735.82,15.31
18,37,1613745.07,15.23
46,13,1991483.35,15.2
46,14,1991483.35,15.2
46,15,1991483.35,15.2
46,16,1991483.35,15.2
45,5,1972542.22,15.12
45,6,1972542.22,15.12
48,7,1978387.36,15.1
48,8,1978387.36,15.1
48,9,1978387.36,15.1
48,10,1978387.36,15.1
48,11,1978387.36,15.1
49,6,1969218.25,15.03
49,7,1969218.25,15.03
49,8,1969218.25,15.03
22,45,1733106.4,14.97
12,1,1425985.56,14.97
37,16,1959238.33,14.96
40,3,1952541.54,14.9
40,4,1952541.54,14.9
28,35,1830850.42,14.89
19,27,1783804.45,14.89
50,6,1940946.29,14.82
50,7,1940946.29,14.82
34,30,1936618.15,14.78
40,8,1932350.25,14.75
36,20,1932299.5,14.75
28,39,1737738.1,14.73
25,39,1698322.09,14.67
22,36,1585187.38,14.67
2,4,1479838.39,14.6
23,33,1572224.89,14.54
28,38,1780047.02,14.48
28,40,1696544.52,14.38
37,20,1882442.78,14.37
36,17,1871236.99,14.28
35,26,1869253.25,14.27
22,33,1539379.34,14.24
26,43,1675754.59,14.2
21,49,1639503.33,14.16
28,36,1732897.92,14.1
40,10,1839285.03,14.04
25,46,1556507.3,14
19,25,1705688.49,13.99
22,49,1618636.31,13.98
44,5,1821940.59,13.96
25,49,1541512.44,13.92
43,4,1802905.32,13.76
43,5,1802905.32,13.76
22,35,1486887.77,13.76
15,2,1308748.15,13.71
20,31,1464082.5,13.64
33,1,1430793.95,13.6
26,47,1549336.94,13.57
38,7,1774002.19,13.54
38,8,1774002.19,13.54
38,11,1774002.19,13.54
38,12,1774002.19,13.54
38,13,1774002.19,13.54
38,14,1774002.19,13.54
42,2,1747311.07,13.34
37,17,1743276.19,13.31
37,18,1743276.19,13.31
39,11,1720702.1,13.13
39,12,1720702.1,13.13
39,13,1720702.1,13.13
22,47,1517382.81,13.1
28,33,1536501.58,13.02
34,29,1702601.08,13
23,34,1400194.61,12.95
25,5,1207443.11,12.9
25,50,1428102.13,12.89
49,17,1684457.21,12.86
36,21,1682950.33,12.85
36,22,1682950.33,12.85
41,3,1682331.07,12.84
41,4,1682331.07,12.84
40,5,1681437.09,12.83
21,33,1385920.89,12.82
35,27,1673884.27,12.78
2,49,1292976.51,12.76
47,17,1669029.28,12.74
19,23,1551840.17,12.72
27,33,1500548.19,12.72
27,1,1508873.51,12.68
42,6,1647498.84,12.58
25,45,1385053.09,12.46
34,50,1620575.72,12.37
38,15,1617042.91,12.34
38,16,1617042.91,12.34
25,41,1366430.35,12.29
38,6,1605829.79,12.26
3,32,1220335.8,12.26
3,33,1220335.8,12.26
35,1,1301726.33,12.24
34,1,1296446.84,12.23
26,33,1500563.4,12.21
28,42,1438491.14,12.19
40,7,1588399.04,12.12
17,41,1267265.22,12.06
47,19,1578703.91,12.05
36,48,1575597.83,12.03
16,35,1253169.93,11.96
17,1,1140870.08,11.92
17,2,1140870.08,11.92
3,38,1178172.68,11.84
3,39,1178172.68,11.84
27,41,1395860.46,11.83
47,18,1542634.01,11.78
25,48,1305572.4,11.74
38,19,1537192.03,11.73
45,3,1529600.13,11.72
46,17,1531144.87,11.69
18,38,1237938.18,11.68
25,37,1349880.18,11.66
21,3,1371032.02,11.63
49,18,1522970.19,11.62
39,14,1520566.47,11.61
39,15,1520566.47,11.61
3,40,1154938.95,11.61
3,41,1154938.95,11.61
3,42,1154938.95,11.61
28,47,1321821.16,11.58
27,42,1355927.97,11.49
37,19,1493366.74,11.4
36,19,1491169.5,11.38
44,2,1473783.25,11.3
44,3,1473783.25,11.3
46,3,1479551.78,11.29
35,50,1476978.54,11.27
48,17,1470345.96,11.22
16,1,1074511.17,11.22
26,49,1278301.09,11.2
38,20,1465316.07,11.18
44,6,1458352.53,11.18
18,36,1187196.81,11.15
28,48,1270570.25,11.13
25,40,1287548.81,11.12
2,47,1126989.36,11.12
2,48,1126989.36,11.12
25,47,1228137.89,11.05
23,29,1192142.41,11.03
38,1,1176198.93,10.98
34,32,1434763.86,10.95
26,44,1285006.38,10.89
41,5,1425639.23,10.88
32,1,1128422.36,10.8
47,3,1407449.44,10.74
36,49,1404122.26,10.72
46,18,1394962.18,10.65
50,14,1382598.9,10.55
26,34,1294175.9,10.53
25,42,1169122.58,10.52
26,40,1234774.14,10.46
39,1,1124340.07,10.46
37,21,1365947.19,10.43
25,1,937624.52,10.42
48,19,1362801.82,10.4
15,1,991421.68,10.38
27,38,1274199.75,10.37
49,12,1347644.37,10.29
49,13,1347644.37,10.29
49,14,1347644.37,10.29
49,15,1347644.37,10.29
16,34,1070245.04,10.21
23,5,1130566.86,10.2
38,50,1330951.94,10.16
48,18,1326731.92,10.13
17,40,1060146.78,10.09
18,39,1068752.5,10.08
44,4,1306900.87,10.02
50,11,1309787.38,10
50,12,1309787.38,10
50,13,1309787.38,10
40,11,1308898.87,9.99
40,12,1308898.87,9.99
3,37,987771.82,9.93
37,22,1294071.23,9.88
25,36,1132296.06,9.78
28,45,1112143.5,9.74
28,46,1107005.64,9.7
30,33,1111474.52,9.69
26,50,1106167.41,9.69
50,15,1265721.48,9.66
50,8,1260825.4,9.62
50,9,1260825.4,9.62
50,10,1260825.4,9.62
39,48,1259427.47,9.61
23,28,1042015.6,9.59
49,16,1251476.59,9.55
49,9,1241993.82,9.48
49,10,1241993.82,9.48
49,11,1241993.82,9.48
27,37,1163858.87,9.47
48,3,1234745.32,9.42
46,19,1233475.16,9.42
26,45,1108842.05,9.4
28,43,1105323.38,9.37
26,48,1069954.46,9.37
40,1,1010461.61,9.33
28,1,1086163.66,9.3
47,13,1216181.29,9.28
47,14,1216181.29,9.28
47,15,1216181.29,9.28
28,41,1094043.82,9.27
29,1,1064804.55,9.26
47,20,1202338.63,9.18
27,45,1046734.38,9.17
22,29,991927.68,9.16
49,34,1139073.79,9.1
49,35,1139073.79,9.1
49,36,1139073.79,9.1
38,17,1185297.39,9.05
38,18,1185297.39,9.05
45,7,1177257.9,9.02
45,8,1177257.9,9.02
45,9,1177257.9,9.02
45,10,1177257.9,9.02
45,11,1177257.9,9.02
45,12,1177257.9,9.02
23,4,991833.21,8.95
24,2,800766.77,8.83
47,16,1151265.82,8.79
47,49,1151056.85,8.79
19,28,1047196.94,8.74
21,31,941928.9,8.72
50,18,1140990.72,8.71
48,12,1127816.98,8.61
48,13,1127816.98,8.61
48,14,1127816.98,8.61
48,15,1127816.98,8.61
50,33,1053065.48,8.41
40,13,1090662.29,8.33
40,14,1090662.29,8.33
21,32,900008.98,8.33
37,2,887423.23,8.31
39,18,1084693.02,8.28
27,46,945278.41,8.28
28,49,935811.04,8.28
23,35,892925.63,8.26
19,21,1006071.14,8.04
2,45,814823.3,8.04
2,46,814823.3,8.04
27,49,901797.81,7.9
50,16,1023309.39,7.81
29,34,958931.21,7.8
27,43,917757.91,7.78
36,23,1000206.67,7.63
36,24,1000206.67,7.63
3,26,759038.05,7.63
25,43,838746.23,7.55
37,26,947250.35,7.23
35,2,769536.36,7.23
36,25,941458.33,7.19
49,38,863698.81,7.08
49,39,863698.81,7.08
3,28,703829.16,7.07
49,37,856825.38,7.03
29,35,844310.59,6.87
26,38,841522.43,6.85
38,49,891866.24,6.81
37,27,890415.02,6.8
28,34,835874.9,6.8
28,50,762126.58,6.74
39,49,882183.09,6.73
26,35,826231.59,6.72
38,39,878065.87,6.7
23,36,720939.89,6.67
49,4,872256.24,6.66
37,46,864015.8,6.6
30,31,752160.43,6.59
46,20,857109.89,6.54
28,44,741019.95,6.49
50,36,778709.99,6.39
50,37,778709.99,6.39
50,38,778709.99,6.39
29,46,724177.66,6.34
50,34,771836.55,6.33
50,35,771836.55,6.33
32,49,827408.13,6.32
50,17,825752.46,6.3
23,2,696534.94,6.29
1,2,588080.85,6.28
35,30,818998.09,6.25
39,50,815517.38,6.22
39,16,814984.25,6.22
39,17,814984.25,6.22
36,1,661206.57,6.22
19,40,659478.52,6.2
34,48,811401.98,6.19
26,41,727935.14,6.17
37,47,806677.55,6.16
47,4,806406.67,6.16
42,1,665850.82,6.09
35,28,795121.39,6.07
45,13,782440.1,6
45,14,782440.1,6
45,15,782440.1,6
45,16,782440.1,6
29,30,708456.52,6
45,2,541567.54,5.97
47,48,777148.26,5.93
26,31,697451.06,5.91
48,4,755488.85,5.77
36,2,607069.5,5.71
22,30,616434.71,5.7
39,24,738460.6,5.64
21,26,676221.12,5.64
49,40,676063.47,5.64
3,27,561188.92,5.64
36,46,738049.57,5.63
3,30,558203.84,5.61
35,47,730577.37,5.58
46,2,504365.95,5.56
26,39,679022.75,5.52
30,34,629026.35,5.48
22,23,662555.66,5.43
46,47,710229.31,5.42
27,47,615788.45,5.39
37,25,701671.91,5.36
26,37,652140.35,5.31
37,23,692996.58,5.29
37,24,692996.58,5.29
38,47,686469.81,5.24
35,48,679044.38,5.18
36,26,673017,5.14
34,49,662240.13,5.05
43,2,660068.7,5.04
43,3,660068.7,5.04
24,1,453927.68,5
26,5,464300.08,4.99
38,46,647925.38,4.95
50,39,591754.3,4.94
39,19,640296.85,4.89
44,7,637370.13,4.88
44,8,637370.13,4.88
38,48,632257.43,4.83
46,48,626249.84,4.78
38,22,625582.55,4.78
39,20,621922.07,4.75
27,44,558035.04,4.73
30,35,539432.72,4.7
49,41,508461.52,4.7
49,42,508461.52,4.7
49,43,508461.52,4.7
49,44,508461.52,4.7
49,45,508461.52,4.7
49,46,508461.52,4.7
49,47,508461.52,4.7
49,32,602698.77,4.68
49,33,602698.77,4.68
40,17,609993.31,4.66
39,21,598187.45,4.57
2,6,459941.71,4.54
32,50,585312.2,4.47
50,31,553128.41,4.29
50,32,553128.41,4.29
39,46,554338.01,4.23
28,29,498095.05,4.22
23,25,496785.49,4.15
50,41,444807.88,4.09
50,42,444807.88,4.09
50,43,444807.88,4.09
50,44,444807.88,4.09
50,45,444807.88,4.09
50,46,444807.88,4.09
50,47,444807.88,4.09
50,48,444807.88,4.09
50,49,444807.88,4.09
41,6,531165.65,4.05
35,49,518914.26,3.96
29,41,464303.2,3.94
37,48,513733.25,3.92
39,22,508539.22,3.88
39,23,508539.22,3.88
41,9,507332.88,3.87
27,48,433953.5,3.8
29,33,447429.86,3.79
24,35,439311.94,3.79
24,36,439311.94,3.79
20,1,336895.1,3.75
29,32,437554.96,3.71
38,21,480759.99,3.67
21,24,445428.38,3.65
2,44,370220.02,3.65
3,35,359725.09,3.61
3,36,359725.09,3.61
21,25,429319.74,3.58
37,28,466185.82,3.56
36,47,462582.56,3.53
29,47,398428.17,3.49
32,34,395269.97,3.45
29,36,421628.67,3.43
2,7,346166.59,3.42
36,28,445649.39,3.4
38,45,443688.8,3.39
2,14,344096.02,3.39
24,32,390340.45,3.37
23,1,372655.82,3.36
29,40,389923.24,3.3
2,3,302872.32,3.27
37,50,426604,3.26
40,2,348926.39,3.22
43,6,413408.59,3.16
43,7,413408.59,3.16
29,31,373078.25,3.16
47,34,410815.11,3.14
27,50,357251.04,3.13
25,2,292859.93,3.13
3,31,305114.39,3.07
20,28,329556.27,3.06
38,23,398941.09,3.05
38,24,398941.09,3.05
29,42,360207.31,3.05
29,48,346777.06,3.04
35,33,395502.85,3.02
30,36,344726.42,3.01
2,43,302988.77,2.99
36,50,384338.48,2.93
26,36,356443.91,2.9
40,47,377441.59,2.88
35,29,375534.51,2.87
49,50,369749.75,2.82
20,29,299605.57,2.79
40,15,363736.78,2.78
40,16,363736.78,2.78
24,34,303622.46,2.62
40,46,335392.89,2.56
45,17,330607.54,2.53
25,32,292269.95,2.52
40,48,323229.21,2.47
41,2,269457.92,2.47
2,40,250655.1,2.47
19,1,228389.33,2.41
19,2,228389.33,2.41
37,49,300413.82,2.29
22,25,269487.33,2.25
2,41,211817.31,2.09
38,40,262119.46,2
45,46,259566.1,1.99
45,35,256915.06,1.97
45,36,256915.06,1.97
45,37,256915.06,1.97
39,47,254962.18,1.95
19,39,188614.6,1.77
46,21,230440.11,1.76
22,26,211072.09,1.76
47,35,220770.44,1.71
47,36,220770.44,1.71
40,49,221131.22,1.69
31,35,189630.32,1.65
48,49,213669.91,1.63
29,38,199323.87,1.62
3,34,158905.02,1.6
49,3,140223.2,1.59
33,49,201828.34,1.54
36,27,194107.02,1.48
22,31,158047.95,1.46
31,34,165870.32,1.45
35,34,176162.57,1.34
50,3,117972.08,1.34
19,3,120884.71,1.27
2,5,120740.14,1.19
40,18,153840.54,1.17
27,36,141290.11,1.15
46,35,138531.92,1.06
40,19,135465.75,1.03
23,32,107576.46,1
41,7,117116.88,0.89
41,8,117116.88,0.89
37,29,108689.24,0.83
49,48,88629.1,0.82
45,43,100796.96,0.81
45,38,92506.55,0.72
45,40,92506.55,0.72
45,41,92506.55,0.72
30,1,62057.41,0.71
31,50,81777.88,0.62
29,39,58438.04,0.48
40,20,59943.82,0.46
35,32,55933.94,0.43
45,18,46267.94,0.35
46,45,39191.23,0.31
42,7,24780.54,0.19
42,8,24780.54,0.19
40,21,20776.12,0.16
40,42,17584.43,0.14
22,32,14728.91,0.14
46,44,10858.53,0.09
33,50,1150.2,0.01
1,1,0,0
2,2,0,0
3,3,0,0
4,4,0,0
5,5,0,0
6,6,0,0
7,7,0,0
8,8,0,0
9,9,0,0
10,10,0,0
11,11,0,0
12,12,0,0
13,13,0,0
14,14,0,0
15,15,0,0
16,16,0,0
17,17,0,0
18,18,0,0
19,19,0,0
20,20,0,0
21,21,0,0
22,22,0,0
23,23,0,0
24,24,0,0
25,25,0,0
26,26,0,0
27,27,0,0
28,28,0,0
29,29,0,0
30,30,0,0
31,31,0,0
32,32,0,0
33,33,0,0
34,34,0,0
35,35,0,0
36,36,0,0
37,37,0,0
38,38,0,0
39,39,0,0
40,40,0,0
41,41,0,0
42,42,0,0
43,43,0,0
44,44,0,0
45,45,0,0
46,46,0,0
47,47,0,0
48,48,0,0
49,49,0,0
50,50,0,0
29,44,-407.75,0
44,9,-3738.63,-0.03
44,10,-3738.63,-0.03
44,11,-3738.63,-0.03
44,12,-3738.63,-0.03
44,13,-3738.63,-0.03
44,14,-3738.63,-0.03
44,15,-3738.63,-0.03
44,16,-3738.63,-0.03
39,25,-5248.53,-0.04
2,37,-5454.22,-0.05
38,26,-10066.46,-0.08
23,30,-10143.42,-0.09
27,34,-16834.67,-0.14
23,24,-25229.56,-0.21
45,20,-28783.01,-0.22
44,17,-31522.7,-0.24
24,33,-35159.86,-0.3
46,36,-40166.12,-0.31
46,37,-40166.12,-0.31
46,38,-40166.12,-0.31
34,42,-37447.95,-0.32
29,37,-42797.53,-0.35
38,27,-46388.04,-0.35
3,1,-43828.31,-0.46
2,10,-46721.77,-0.46
19,35,-49304.01,-0.46
45,19,-73277.12,-0.56
2,15,-61176.67,-0.6
48,34,-84581.39,-0.66
48,35,-84581.39,-0.66
38,25,-96009.35,-0.73
41,1,-84385.58,-0.77
47,37,-95964.82,-0.77
47,38,-95964.82,-0.77
41,10,-116601.8,-0.89
41,11,-116601.8,-0.89
41,12,-116601.8,-0.89
34,40,-116257.28,-0.97
2,9,-102646.12,-1.01
29,49,-115222.71,-1.02
19,38,-109434.31,-1.03
26,1,-93363.55,-1.04
40,50,-141221.45,-1.08
19,34,-129903.56,-1.21
42,11,-169050.74,-1.29
29,45,-160760.84,-1.41
40,23,-196193.68,-1.5
26,32,-189026.57,-1.6
27,35,-205194.23,-1.67
38,41,-224377.05,-1.71
40,22,-239667.29,-1.83
2,38,-193948.18,-1.91
2,39,-193948.18,-1.91
19,36,-207775.61,-1.95
22,24,-240745.37,-1.97
27,31,-239568.5,-2.03
31,33,-237151.96,-2.07
21,30,-226535.53,-2.1
25,31,-253499.72,-2.19
30,32,-256886.07,-2.19
2,42,-232785.97,-2.3
44,45,-306579.85,-2.35
46,49,-314684.46,-2.4
39,41,-315929.89,-2.41
41,13,-316773.44,-2.42
47,50,-321456.25,-2.45
38,31,-330824.08,-2.53
42,45,-333713.24,-2.55
43,8,-334714.23,-2.55
29,50,-289907.67,-2.56
45,47,-361427.43,-2.77
41,48,-367823.5,-2.81
2,36,-287253.11,-2.83
42,12,-371301.34,-2.83
46,39,-358580.54,-2.87
23,27,-318151.99,-2.94
33,43,-344260.85,-2.96
30,46,-343983.87,-3.01
47,40,-374158.38,-3.07
47,39,-381031.82,-3.12
48,36,-399637.48,-3.19
48,37,-399637.48,-3.19
36,34,-420507.48,-3.21
34,43,-376648.72,-3.23
47,2,-303701.96,-3.34
25,33,-386723.63,-3.34
39,26,-437001.48,-3.34
2,19,-341708.19,-3.37
48,2,-308437.98,-3.4
34,44,-397081.07,-3.41
38,29,-450990.36,-3.44
3,29,-344792.48,-3.46
21,29,-376147.74,-3.48
34,46,-402985.42,-3.49
47,33,-461963.19,-3.53
49,1,-323141.22,-3.57
49,2,-323141.22,-3.57
45,21,-472541.96,-3.62
38,28,-474459.16,-3.62
50,1,-327817,-3.63
50,2,-327817,-3.63
34,39,-446023.25,-3.71
2,18,-378315.99,-3.73
36,29,-491100.51,-3.75
31,32,-441643.84,-3.76
46,43,-476855.3,-3.81
31,1,-337040.05,-3.85
45,42,-496777.3,-3.85
24,25,-418464.84,-3.87
47,46,-489579.42,-4.01
2,8,-410234.31,-4.05
39,40,-546847.56,-4.17
38,36,-548053.6,-4.18
3,2,-416831.65,-4.19
19,33,-448618.15,-4.19
32,45,-482643.6,-4.23
46,50,-556655.24,-4.25
24,26,-462553.19,-4.28
47,44,-528098.39,-4.33
48,50,-572085.11,-4.37
2,13,-452285,-4.46
25,35,-522877.92,-4.52
37,30,-595759.41,-4.55
25,34,-527520.24,-4.56
36,33,-598364.71,-4.57
35,39,-552887.76,-4.59
35,42,-535129.95,-4.6
42,9,-605051.78,-4.62
42,10,-605051.78,-4.62
2,20,-470822.15,-4.64
47,41,-563672.79,-4.7
38,43,-616759.21,-4.71
35,41,-549469.38,-4.72
19,37,-513196.27,-4.82
38,30,-644215.91,-4.92
32,35,-565774.19,-4.93
1,9,-471927.8,-4.97
47,45,-596785.04,-4.98
2,35,-507294.58,-5
44,18,-670758.47,-5.14
2,16,-522028.46,-5.15
2,17,-522028.46,-5.15
37,32,-676578,-5.16
29,43,-609530.59,-5.17
45,34,-679629.82,-5.21
45,1,-473049.42,-5.22
24,27,-616263.43,-5.32
2,30,-541401.84,-5.34
2,31,-541401.84,-5.34
22,28,-581192.54,-5.37
44,36,-712125.58,-5.46
43,50,-725395.84,-5.54
48,39,-676391.77,-5.55
48,40,-676391.77,-5.55
48,38,-683265.21,-5.6
35,31,-737570.79,-5.63
32,46,-646676.24,-5.66
1,10,-539750.15,-5.68
35,38,-683975.26,-5.68
43,44,-740241.73,-5.74
47,1,-522892.31,-5.75
48,32,-753419.67,-5.75
48,33,-753419.67,-5.75
46,33,-767402.76,-5.86
46,34,-767402.76,-5.86
46,1,-533194.3,-5.88
30,47,-677635.92,-5.94
38,37,-777877.75,-5.94
34,41,-716698.08,-5.95
47,21,-790012.02,-6.03
47,22,-790012.02,-6.03
47,23,-790012.02,-6.03
47,24,-790012.02,-6.03
47,25,-790012.02,-6.03
47,26,-790012.02,-6.03
47,27,-790012.02,-6.03
47,28,-790012.02,-6.03
37,36,-801559.48,-6.12
41,46,-809646.61,-6.18
34,45,-721808.37,-6.2
22,1,-568359.48,-6.22
40,24,-828401.98,-6.32
40,25,-828401.98,-6.32
44,1,-585193.23,-6.35
19,32,-681769.68,-6.38
31,46,-735482.69,-6.44
49,19,-845745.74,-6.46
49,20,-845745.74,-6.46
49,21,-845745.74,-6.46
49,22,-845745.74,-6.46
49,23,-845745.74,-6.46
49,24,-845745.74,-6.46
49,25,-845745.74,-6.46
49,26,-845745.74,-6.46
49,27,-845745.74,-6.46
49,28,-845745.74,-6.46
49,29,-845745.74,-6.46
49,30,-845745.74,-6.46
49,31,-845745.74,-6.46
32,47,-733944.2,-6.49
50,19,-851359.93,-6.5
50,20,-851359.93,-6.5
50,21,-851359.93,-6.5
50,22,-851359.93,-6.5
50,23,-851359.93,-6.5
50,24,-851359.93,-6.5
50,25,-851359.93,-6.5
50,26,-851359.93,-6.5
50,27,-851359.93,-6.5
50,28,-851359.93,-6.5
50,29,-851359.93,-6.5
50,30,-851359.93,-6.5
36,32,-853587.91,-6.52
36,35,-860088.23,-6.57
32,36,-755634.57,-6.59
44,20,-860189.45,-6.59
41,42,-874182.18,-6.78
2,21,-688615.16,-6.79
35,40,-820007.42,-6.81
44,19,-904243.34,-6.93
33,45,-819538.3,-7.04
45,49,-930901.88,-7.13
41,17,-933648.12,-7.13
30,40,-846011.91,-7.17
24,31,-832999.94,-7.19
40,45,-942701.18,-7.2
45,23,-953180.65,-7.31
42,16,-960006.14,-7.33
42,44,-960845.51,-7.33
31,36,-842145.89,-7.34
41,45,-964156.38,-7.36
43,9,-970381.31,-7.41
43,10,-970381.31,-7.41
43,11,-970381.31,-7.41
43,12,-970381.31,-7.41
43,13,-970381.31,-7.41
43,14,-970381.31,-7.41
43,15,-970381.31,-7.41
39,44,-958329.02,-7.44
45,50,-975311.33,-7.48
39,42,-965932.55,-7.49
37,31,-987178.42,-7.54
43,17,-998782.67,-7.62
2,32,-773171.26,-7.63
2,33,-773171.26,-7.63
48,20,-1005914.12,-7.68
48,21,-1005914.12,-7.68
48,22,-1005914.12,-7.68
48,23,-1005914.12,-7.68
48,24,-1005914.12,-7.68
48,25,-1005914.12,-7.68
48,26,-1005914.12,-7.68
48,27,-1005914.12,-7.68
48,28,-1005914.12,-7.68
47,29,-1009202.37,-7.7
47,30,-1009202.37,-7.7
47,31,-1009202.37,-7.7
47,32,-1009202.37,-7.7
2,34,-782456.16,-7.72
45,39,-970905.02,-7.76
33,40,-948861.8,-7.88
42,17,-1031882.1,-7.88
46,42,-987168.32,-7.89
30,37,-978453.37,-7.96
2,29,-812044.13,-8.01
39,45,-1049393.8,-8.01
45,27,-1055320.71,-8.09
31,45,-934716.77,-8.19
2,28,-847307.4,-8.36
1,3,-785600.63,-8.38
33,46,-977726.26,-8.4
41,47,-1101259.13,-8.41
33,44,-983570.87,-8.45
22,27,-914327.09,-8.46
41,15,-1108028.69,-8.46
41,16,-1108028.69,-8.46
45,44,-1099418.38,-8.53
33,38,-1075113.97,-8.57
2,22,-869709.67,-8.58
23,31,-996049.53,-8.6
30,48,-980308.53,-8.67
46,22,-1135240.77,-8.67
46,23,-1135240.77,-8.67
46,24,-1135240.77,-8.67
46,25,-1135240.77,-8.67
46,26,-1135240.77,-8.67
46,27,-1135240.77,-8.67
46,28,-1135240.77,-8.67
41,14,-1135898.72,-8.67
32,43,-993070.99,-8.7
2,23,-895471.98,-8.83
2,24,-895471.98,-8.83
2,25,-895471.98,-8.83
42,46,-1160263.38,-8.86
42,13,-1164045.85,-8.89
43,1,-859492.98,-8.91
31,40,-1063100.87,-9.01
50,40,-980082.32,-9.02
33,42,-1086575.62,-9.03
36,38,-1088959.13,-9.05
43,46,-1189517.73,-9.08
42,14,-1197447.08,-9.14
42,15,-1197447.08,-9.14
32,40,-1080919.97,-9.16
45,26,-1212551.15,-9.29
30,49,-1058659.24,-9.36
24,30,-1087918.28,-9.39
45,48,-1242458.83,-9.52
30,38,-1171062.68,-9.53
42,49,-1252202.38,-9.56
45,22,-1249232.58,-9.57
41,20,-1255581.05,-9.58
48,29,-1258255.74,-9.6
48,30,-1258255.74,-9.6
48,31,-1258255.74,-9.6
40,44,-1259691.26,-9.77
36,30,-1287783.91,-9.83
48,42,-1068380.69,-9.87
44,21,-1300426.65,-9.97
45,29,-1304413.48,-10
45,30,-1304413.48,-10
45,31,-1304413.48,-10
45,32,-1304413.48,-10
45,33,-1304413.48,-10
37,33,-1326917.63,-10.13
39,36,-1327153.84,-10.13
2,11,-1032435.61,-10.19
33,41,-1226880.79,-10.19
44,37,-1329929.68,-10.19
44,38,-1329929.68,-10.19
41,18,-1344025.51,-10.26
43,45,-1346298.44,-10.28
23,26,-1120700.79,-10.37
46,40,-1266801.17,-10.39
46,41,-1266801.17,-10.39
47,43,-1190903.56,-10.4
32,42,-1232896.38,-10.45
39,29,-1371964.57,-10.47
33,35,-1319131.41,-10.52
1,24,-1004512.17,-10.57
34,38,-1330955.88,-10.61
46,29,-1390131.12,-10.61
46,30,-1390131.12,-10.61
46,31,-1390131.12,-10.61
46,32,-1390131.12,-10.61
43,16,-1397211.63,-10.67
30,41,-1267605.82,-10.74
42,19,-1412568.01,-10.78
37,34,-1413266.79,-10.79
44,39,-1408790.71,-10.8
44,40,-1408790.71,-10.8
32,33,-1242393.98,-10.83
31,48,-1239799.54,-10.97
30,45,-1256644.56,-11.01
2,26,-1117025.02,-11.02
2,27,-1117025.02,-11.02
36,42,-1293371.94,-11.11
32,44,-1271006.87,-11.13
48,1,-1015143.71,-11.2
30,43,-1278616.87,-11.2
37,35,-1468014.26,-11.21
42,50,-1468203.37,-11.21
41,19,-1469169.95,-11.21
42,18,-1480732.73,-11.3
30,44,-1295113.93,-11.34
39,38,-1461864.75,-11.34
40,43,-1434508.5,-11.46
41,50,-1513189.06,-11.55
30,42,-1373998.24,-11.64
32,37,-1431924.64,-11.65
30,39,-1441585.74,-11.73
40,41,-1545833.17,-11.8
44,42,-1522000.27,-11.81
34,47,-1364904.33,-11.83
40,26,-1551319.86,-11.84
43,18,-1552617.63,-11.85
34,37,-1492440.78,-11.9
1,11,-1144539.54,-12.04
24,28,-1416486.05,-12.23
42,39,-1609622.83,-12.29
24,29,-1427176.56,-12.32
27,30,-1456032.7,-12.34
43,48,-1619664.22,-12.36
44,48,-1623979.65,-12.45
36,39,-1504780.59,-12.5
1,5,-1190795.58,-12.53
48,47,-1530219.62,-12.55
31,47,-1433692.09,-12.56
1,7,-1199250.96,-12.62
33,39,-1596383.14,-12.73
32,41,-1504494.88,-12.75
44,50,-1678138.88,-12.86
33,36,-1613749.65,-12.87
42,47,-1688340.76,-12.89
36,31,-1704407.42,-13.01
1,25,-1244155.91,-13.09
1,26,-1244155.91,-13.09
45,24,-1730635.12,-13.26
44,47,-1735670.2,-13.3
32,38,-1640477.47,-13.35
41,21,-1766349.84,-13.48
39,27,-1793039.4,-13.69
31,43,-1564559.59,-13.71
39,28,-1803709.36,-13.77
31,44,-1581471.11,-13.85
39,30,-1820958.64,-13.9
40,30,-1830829.35,-13.97
34,36,-1761705.89,-14.05
36,41,-1639142.77,-14.08
39,32,-1844754.95,-14.08
26,27,-1733984.75,-14.11
45,25,-1848408.94,-14.17
1,4,-1347266.42,-14.18
36,40,-1709445.31,-14.2
35,43,-1660324.03,-14.26
32,39,-1758674.91,-14.31
35,37,-1794727.8,-14.31
44,46,-1867889.1,-14.32
42,43,-1885975.69,-14.4
33,47,-1662508.67,-14.41
41,49,-1902599.85,-14.52
1,28,-1381747.78,-14.54
21,27,-1614503.45,-14.59
45,28,-1913285.21,-14.66
41,22,-1920029.92,-14.66
43,47,-1930247.35,-14.73
31,38,-1815335.08,-14.77
44,33,-1927058.77,-14.77
44,34,-1927058.77,-14.77
44,35,-1927058.77,-14.77
39,31,-1935730.96,-14.78
38,34,-1936241.23,-14.78
31,39,-1818841.61,-14.8
35,45,-1710165.87,-14.83
42,20,-1947190.9,-14.86
33,48,-1714900.14,-14.87
48,45,-1663597.79,-14.88
38,32,-1949065.61,-14.88
48,43,-1611631.19,-14.89
41,44,-1815488.38,-14.89
1,27,-1416458.31,-14.9
2,12,-1510650.36,-14.9
38,35,-1959079.1,-14.95
38,33,-1966336.36,-15.01
31,37,-1846930.63,-15.03
31,42,-1797626.93,-15.24
30,50,-1747063.69,-15.45
26,30,-1828365.04,-15.5
32,48,-1757533.7,-15.54
35,44,-1811734.61,-15.56
1,21,-1488204.3,-15.66
37,38,-1946348.36,-15.72
48,44,-1756749.67,-15.86
42,21,-2100410.76,-16.03
1,8,-1524112.9,-16.04
43,19,-2105664.88,-16.07
25,27,-1862640.42,-16.08
41,24,-2108764.25,-16.1
1,23,-1545276.19,-16.26
1,20,-1551800.48,-16.33
31,41,-1937571.92,-16.42
42,48,-2167579.16,-16.55
44,28,-2167268.31,-16.61
43,41,-2179589,-16.64
36,43,-1946963.79,-16.88
1,13,-1606318.75,-16.9
44,24,-2208491.62,-16.93
40,27,-2228513.62,-17.01
21,28,-1890498.49,-17.09
39,33,-2250135.24,-17.18
1,14,-1638591.66,-17.24
44,49,-2254138.01,-17.28
19,29,-1849307.96,-17.29
1,17,-1645176.79,-17.31
31,49,-1963686.88,-17.37
40,28,-2284568.91,-17.44
43,49,-2285725.9,-17.45
35,46,-2019551.42,-17.51
40,31,-2308295.13,-17.62
1,22,-1680502.7,-17.68
25,30,-2056974.05,-17.76
33,37,-2227628.97,-17.77
44,27,-2323178.1,-17.81
36,44,-2066375.39,-17.92
41,23,-2351302.64,-17.95
1,16,-1719877.84,-18.1
37,40,-2209881.72,-18.45
1,6,-1755913.8,-18.47
44,30,-2445731.83,-18.74
44,31,-2445731.83,-18.74
1,12,-1784625.86,-18.78
48,46,-2037525.96,-18.82
41,38,-2428155.5,-18.84
44,41,-2465325.61,-18.89
44,22,-2466394.28,-18.9
41,43,-2371142.17,-18.95
43,21,-2490448.65,-19.01
1,19,-1815741.82,-19.1
44,23,-2502122.33,-19.18
43,20,-2534142.36,-19.34
42,22,-2535365.31,-19.35
42,23,-2535365.31,-19.35
33,34,-2441157.88,-19.47
1,15,-1855669.73,-19.52
44,25,-2552796.94,-19.57
40,37,-2574345.27,-19.65
41,27,-2576136.31,-19.66
39,34,-2585476.19,-19.74
39,35,-2585476.19,-19.74
1,18,-1880966.68,-19.79
1,32,-1890962.71,-19.9
42,29,-2614573.61,-19.96
37,43,-2372489.68,-20
39,37,-2632299.29,-20.09
36,37,-2528389.63,-20.16
43,36,-2673551.83,-20.41
43,37,-2673551.83,-20.41
44,26,-2669690.32,-20.46
47,42,-2251866.17,-20.58
37,39,-2585041.07,-20.88
44,32,-2723920.33,-20.88
42,26,-2741298.38,-20.92
44,29,-2740220.91,-21
40,32,-2768212.44,-21.13
42,28,-2768502.4,-21.13
1,29,-2035738.59,-21.42
40,29,-2808935.35,-21.44
25,28,-2483839.63,-21.45
1,30,-2040675.27,-21.47
41,25,-2824658.62,-21.56
41,26,-2863603.95,-21.86
43,22,-2875802.48,-21.95
36,45,-2533768.18,-21.97
43,38,-2843966.47,-22.07
25,29,-2561482.09,-22.12
40,38,-2864800.56,-22.23
48,41,-2449976.68,-22.63
42,24,-2991891.73,-22.84
43,28,-2994776.65,-22.86
42,25,-3031297.28,-23.14
25,26,-2702221.85,-23.33
41,30,-3071033.65,-23.44
35,36,-2957236.31,-23.58
27,28,-2784569.23,-23.6
42,27,-3111052.65,-23.75
43,25,-3122251.8,-23.83
42,40,-3138753.55,-23.96
43,27,-3149605.9,-24.04
34,35,-3022268.54,-24.1
19,30,-2601219.3,-24.32
19,31,-2608085.22,-24.39
2,1,-2250220.14,-24.49
42,37,-3212152.38,-24.52
41,29,-3223581.76,-24.61
1,31,-2358826.67,-24.82
42,41,-3285739.42,-25.08
40,39,-3151129.73,-25.18
43,39,-3323890.03,-25.37
43,40,-3323890.03,-25.37
40,34,-3342136.46,-25.51
42,38,-3344348.78,-25.53
44,43,-3347070.99,-25.65
42,35,-3377648.4,-25.78
43,26,-3377784.02,-25.78
37,45,-3059218.88,-25.79
41,39,-3238519.68,-25.88
42,34,-3403025.65,-25.98
37,44,-3098298.56,-26.12
43,23,-3428476.61,-26.17
42,36,-3450763.74,-26.34
43,24,-3468182.31,-26.47
40,33,-3542043.62,-27.04
41,28,-3563370.62,-27.2
26,29,-3362021.61,-27.35
43,32,-3615156.44,-27.59
37,42,-3322459.75,-27.74
40,35,-3652987.84,-27.88
37,41,-3372667.58,-28.16
42,30,-3696702.12,-28.22
40,36,-3698474.74,-28.23
41,35,-3782636.18,-28.87
41,36,-3838767.7,-29.3
1,33,-2835407.79,-29.83
1,34,-2835407.79,-29.83
1,35,-2835407.79,-29.83
1,36,-2835407.79,-29.83
43,29,-3927487.25,-29.98
43,34,-3944004.71,-30.1
43,35,-3944004.71,-30.1
43,42,-3912596.78,-30.36
27,29,-3615661.63,-30.64
42,32,-4019645.03,-30.68
42,33,-4019645.03,-30.68
41,33,-4053322.63,-30.94
41,34,-4053322.63,-30.94
41,40,-3829153.12,-31.4
26,28,-3912118.83,-31.83
43,30,-4187827.84,-31.97
41,32,-4253337.24,-32.47
38,42,-3934443.15,-33.17
41,31,-4379303.35,-33.43
41,37,-4401057.15,-33.59
42,31,-4535287.93,-34.62
43,33,-4538173.07,-34.64
43,31,-4677705.11,-35.71
38,44,-4625517.7,-38.99
1,43,-4121986.37,-43.37
1,44,-4121986.37,-43.37
1,48,-4377631.58,-46.06
1,49,-4377631.58,-46.06
1,45,-4418182.44,-46.49
1,46,-4418182.44,-46.49
1,39,-4423253.81,-46.54
1,40,-4423253.81,-46.54
39,43,-5687417.88,-47.94
1,41,-4594347.03,-48.34
1,42,-4594347.03,-48.34
1,37,-4612618.31,-48.53
1,38,-4612618.31,-48.53
1,50,-4641883.29,-48.84
1,47,-4669635.45,-49.13
