P:N1,P:N2,净利润,年化收益率%
1,1,0,0
1,2,0,0
1,3,0,0
1,4,0,0
1,5,0,0
1,6,0,0
1,7,0,0
1,8,0,0
1,9,0,0
1,10,0,0
1,11,0,0
1,12,0,0
1,13,0,0
1,14,0,0
1,15,0,0
1,16,0,0
1,17,0,0
1,18,0,0
1,19,0,0
1,20,0,0
1,21,0,0
1,22,0,0
1,23,0,0
1,24,0,0
1,25,0,0
1,26,0,0
1,27,0,0
1,28,0,0
1,29,0,0
1,30,0,0
1,31,0,0
1,32,0,0
1,33,0,0
1,34,0,0
1,35,0,0
1,36,0,0
1,37,0,0
1,38,0,0
1,39,0,0
1,40,0,0
1,41,0,0
1,42,0,0
1,43,0,0
1,44,0,0
1,45,0,0
1,46,0,0
1,47,0,0
1,48,0,0
1,49,0,0
1,50,0,0
2,1,0,0
2,2,0,0
2,3,-1035522.65,-98.55
2,4,-298611.4,-26.84
2,5,-10874.79,-0.98
2,6,-1540525.9,-140.42
2,7,-2125680.64,-193.75
2,8,-2046193.23,-186.51
2,9,-1225130.66,-111.67
2,10,-349718.15,-31.88
2,11,-895166.25,-81.59
2,12,-660738.63,-60.23
2,13,-783658.04,-71.43
2,14,-631494.09,-57.56
2,15,-276258.46,-25.18
2,16,-437345.79,-39.86
2,17,-873270.69,-80.16
2,18,-727923.76,-66.82
2,19,-397313.11,-36.47
2,20,-639689.99,-60.88
2,21,-139718.21,-13.53
2,22,-466235.36,-45.14
2,23,-46164.22,-4.41
2,24,120209.45,11.5
2,25,367822.49,35.17
2,26,502706.05,48.07
2,27,713601.95,68.24
2,28,396977.54,37.96
2,29,-232522.3,-22.4
2,30,-123802.67,-11.92
2,31,-106061.55,-10.22
2,32,166938.3,16.08
2,33,182461.16,17.58
2,34,22226.21,2.17
2,35,6340.84,0.62
2,36,-144159.49,-14.29
2,37,49494.38,4.91
2,38,140846.27,13.96
2,39,199042.16,19.88
2,40,90150.23,9.09
2,41,0,0
2,42,0,0
2,43,0,0
2,44,0,0
2,45,0,0
2,46,0,0
2,47,0,0
2,48,0,0
2,49,0,0
2,50,0,0
3,1,0,0
3,2,1230009.54,114.53
3,3,0,0
3,4,-415444.99,-37.34
3,5,1239900.35,111.45
3,6,169454.84,15.45
3,7,-802421.17,-73.14
3,8,-1034576.74,-94.3
3,9,-774000.25,-70.55
3,10,-498527.47,-45.44
3,11,-475925.45,-43.38
3,12,-317413.1,-29.14
3,13,-522800.79,-47.99
3,14,-485162.49,-44.54
3,15,-282434.82,-25.93
3,16,-481369.54,-44.19
3,17,-736565.59,-67.61
3,18,-821880.46,-75.44
3,19,-443734.41,-40.73
3,20,-835797.19,-79.54
3,21,118152.55,11.3
3,22,514908.65,49.24
3,23,149864.44,14.33
3,24,396673.22,37.93
3,25,563036.2,53.84
3,26,502706.05,48.07
3,27,554195.63,53.38
3,28,234694.77,22.61
3,29,158810.6,15.3
3,30,264928.92,25.52
3,31,-106061.55,-10.22
3,32,210074.96,20.23
3,33,182461.16,17.58
3,34,35833.01,3.5
3,35,6340.84,0.62
3,36,-170772.79,-16.93
3,37,-17166.3,-1.7
3,38,140846.27,13.96
3,39,231572.3,23.3
3,40,90150.23,9.09
3,41,0,0
3,42,0,0
3,43,0,0
3,44,0,0
3,45,0,0
3,46,0,0
3,47,0,0
3,48,0,0
3,49,0,0
3,50,0,0
4,1,0,0
4,2,-1229674.5,-115.15
4,3,1727643.11,155.29
4,4,0,0
4,5,-277671.37,-24.96
4,6,-920738.93,-83.92
4,7,-1876508.51,-171.04
4,8,-1122235.49,-102.29
4,9,-1543447.16,-141.68
4,10,-882076.46,-80.97
4,11,-309743.2,-28.43
4,12,-450416.26,-41.35
4,13,-252681.52,-23.19
4,14,-369835.85,-33.95
4,15,-13743.31,-1.26
4,16,14482.05,1.33
4,17,-229919.1,-21.11
4,18,-228301.75,-20.96
4,19,-26507.19,-2.43
4,20,-77755.43,-7.24
4,21,-190360.94,-18.43
4,22,90856.94,8.69
4,23,164772.61,15.76
4,24,111400.16,10.73
4,25,269366.01,25.95
4,26,167015.05,16.09
4,27,531933.9,51.24
4,28,369198.9,35.56
4,29,293314.72,28.25
4,30,264928.92,25.52
4,31,-78047.55,-7.52
4,32,252173.44,24.12
4,33,179009.44,17.24
4,34,22226.21,2.17
4,35,6340.84,0.62
4,36,-170772.79,-16.93
4,37,-17166.3,-1.7
4,38,140846.27,13.96
4,39,199042.16,19.88
4,40,90150.23,9.09
4,41,0,0
4,42,0,0
4,43,0,0
4,44,0,0
4,45,0,0
4,46,0,0
4,47,0,0
4,48,0,0
4,49,0,0
4,50,0,0
5,1,0,0
5,2,-1014368.52,-94.99
5,3,719510.3,66.98
5,4,970757.38,88.48
5,5,0,0
5,6,-555331.21,-49.91
5,7,-1865430.37,-170.03
5,8,-621594.04,-56.66
5,9,-1184645.04,-108.74
5,10,-997360.95,-91.55
5,11,-555228.74,-50.97
5,12,-809825.59,-74.34
5,13,-1220542.9,-113.65
5,14,-968534.05,-90.19
5,15,-889036.48,-82.78
5,16,-654938.45,-60.99
5,17,-712613.2,-66.36
5,18,-440909.44,-41.06
5,19,-63575.44,-5.92
5,20,27203.39,2.53
5,21,-380015.21,-36.34
5,22,-119669.25,-11.44
5,23,-322094.76,-31.02
5,24,-64884.51,-6.25
5,25,227345.2,21.9
5,26,167015.05,16.09
5,27,186338.96,17.95
5,28,70452.66,6.79
5,29,-24266.21,-2.34
5,30,-52652.01,-5.07
5,31,-34910.89,-3.36
5,32,252173.44,24.12
5,33,165202.54,15.91
5,34,22226.21,2.17
5,35,26730.64,2.63
5,36,-170772.79,-16.93
5,37,-17166.3,-1.7
5,38,217979.1,21.77
5,39,199042.16,19.88
5,40,90150.23,9.09
5,41,0,0
5,42,0,0
5,43,0,0
5,44,0,0
5,45,0,0
5,46,0,0
5,47,0,0
5,48,0,0
5,49,0,0
5,50,0,0
6,1,0,0
6,2,-638193.77,-59.74
6,3,367065.79,33.46
6,4,-319625.23,-28.93
6,5,-390025.37,-35.3
6,6,0,0
6,7,-956450.06,-87.18
6,8,-1343974.89,-123.37
6,9,-1673436.14,-153.61
6,10,-306101.79,-28.1
6,11,-791422.18,-72.65
6,12,-640933.85,-59.68
6,13,-644550.69,-60.02
6,14,-379484.01,-35.34
6,15,-545185.13,-50.77
6,16,-107117.73,-9.97
6,17,-282183.48,-26.28
6,18,-461599.09,-42.98
6,19,-221155.35,-20.59
6,20,-224632.09,-20.92
6,21,-1063161.64,-102.41
6,22,-834341.34,-80.37
6,23,-587283.81,-56.57
6,24,-472198.21,-45.48
6,25,-448736.49,-43.22
6,26,-178579.89,-17.2
6,27,186338.96,17.95
6,28,98266.56,9.47
6,29,-24266.21,-2.34
6,30,-52652.01,-5.07
6,31,-34910.89,-3.36
6,32,252173.44,24.12
6,33,165202.54,15.91
6,34,22226.21,2.17
6,35,26730.64,2.63
6,36,-170772.79,-16.93
6,37,-17166.3,-1.7
6,38,217979.1,21.77
6,39,199042.16,19.88
6,40,90150.23,9.09
6,41,0,0
6,42,0,0
6,43,0,0
6,44,0,0
6,45,0,0
6,46,0,0
6,47,0,0
6,48,0,0
6,49,0,0
6,50,0,0
7,1,0,0
7,2,1000916.65,90.59
7,3,436622.55,40.66
7,4,-76459.09,-6.92
7,5,-1506829.73,-140.31
7,6,-1461292.54,-136.33
7,7,0,0
7,8,-742166.76,-68.13
7,9,-1406942.35,-131.01
7,10,-735481.34,-68.49
7,11,-499878.98,-46.55
7,12,-696134.14,-64.82
7,13,-454473.19,-42.32
7,14,-824631.27,-76.79
7,15,-460439.26,-42.87
7,16,-523542.09,-48.75
7,17,-499228.49,-46.49
7,18,-991481.46,-92.32
7,19,-651516.14,-60.67
7,20,-654992.88,-60.99
7,21,-985689.83,-94.94
7,22,-719476.13,-69.3
7,23,-768621.71,-74.04
7,24,-222819.47,-21.46
7,25,-544952.69,-52.49
7,26,-605282.84,-58.3
7,27,-4853.89,-0.47
7,28,98266.56,9.47
7,29,-24266.21,-2.34
7,30,-32037.33,-3.09
7,31,28477.54,2.72
7,32,272863.09,26.09
7,33,203075.85,19.56
7,34,42690.98,4.17
7,35,26730.64,2.63
7,36,-170772.79,-16.93
7,37,168232.58,16.68
7,38,217979.1,21.77
7,39,72908.85,7.23
7,40,90150.23,9.09
7,41,0,0
7,42,0,0
7,43,0,0
7,44,0,0
7,45,0,0
7,46,0,0
7,47,0,0
7,48,0,0
7,49,0,0
7,50,0,0
8,1,0,0
8,2,-1959558.79,-182.82
8,3,-1068686.99,-99.51
8,4,-1870351.73,-174.16
8,5,-1809158.4,-168.79
8,6,-2379018.17,-216.84
8,7,-2940062.2,-267.98
8,8,0,0
8,9,-608632.22,-56.67
8,10,-138548.64,-12.9
8,11,-335654.84,-31.25
8,12,-218368.96,-20.33
8,13,-360942,-33.61
8,14,-483365.86,-45.01
8,15,-829777,-77.27
8,16,-424437.9,-39.52
8,17,-574515.82,-53.5
8,18,-1357316.27,-126.39
8,19,-853289.32,-79.45
8,20,-539806.31,-50.26
8,21,-946771.01,-91.2
8,22,-717976.01,-69.16
8,23,-674020.81,-64.92
8,24,-513687.06,-49.48
8,25,-517038.74,-49.8
8,26,-577368.89,-55.61
8,27,15760.8,1.52
8,28,118881.25,11.45
8,29,-3651.52,-0.35
8,30,10736.41,1.03
8,31,28477.54,2.72
8,32,272863.09,26.09
8,33,203075.85,19.56
8,34,143412,14.02
8,35,127076.85,12.51
8,36,-71176.2,-7.11
8,37,217979.1,21.77
8,38,217979.1,21.77
8,39,199042.16,19.88
8,40,90150.23,9.09
8,41,0,0
8,42,0,0
8,43,0,0
8,44,0,0
8,45,0,0
8,46,0,0
8,47,0,0
8,48,0,0
8,49,0,0
8,50,0,0
9,1,0,0
9,2,-637592.71,-59.8
9,3,-80376.54,-7.33
9,4,-842458.6,-76.79
9,5,-1488677.6,-135.69
9,6,-1314154.25,-119.78
9,7,-1886067.06,-171.91
9,8,-2362333.4,-215.32
9,9,0,0
9,10,212144.71,19.75
9,11,-178694.79,-16.64
9,12,-445413.61,-41.48
9,13,-350214.45,-32.61
9,14,-817536.89,-76.53
9,15,-430708.82,-40.32
9,16,-612588.96,-57.46
9,17,-1154693.01,-108.3
9,18,-1334284.06,-125.14
9,19,-902923.06,-84.69
9,20,-862796.81,-80.34
9,21,-960018.41,-92.47
9,22,-676971.53,-65.21
9,23,-596197.9,-57.43
9,24,-759302.93,-73.14
9,25,-496424.05,-47.82
9,26,-556754.2,-53.63
9,27,15760.8,1.52
9,28,118881.25,11.45
9,29,39122.21,3.74
9,30,112581.88,10.77
9,31,130323,12.46
9,32,332160.3,31.99
9,33,304546.5,29.33
9,34,143412,14.02
9,35,127076.85,12.51
9,36,-224745.79,-22.28
9,37,140846.27,13.96
9,38,140846.27,13.96
9,39,72908.85,7.23
9,40,90150.23,9.09
9,41,0,0
9,42,0,0
9,43,0,0
9,44,0,0
9,45,0,0
9,46,0,0
9,47,0,0
9,48,0,0
9,49,0,0
9,50,0,0
10,1,0,0
10,2,-96553.36,-8.74
10,3,-1632175.13,-151.98
10,4,-1187728.06,-107.5
10,5,-1294320.38,-117.98
10,6,-1395636.13,-127.21
10,7,-1660351.71,-151.34
10,8,-881404.3,-80.34
10,9,-1901892.25,-173.36
10,10,0,0
10,11,-426844.26,-39.96
10,12,79441.95,7.45
10,13,12258.75,1.15
10,14,-415332.32,-38.88
10,15,-649337.91,-60.78
10,16,-830846.69,-77.93
10,17,-769689.41,-72.19
10,18,-933266.01,-87.53
10,19,-501905.01,-47.07
10,20,-420262.85,-39.13
10,21,-912316.92,-87.88
10,22,-586580.11,-56.5
10,23,-483804.8,-46.6
10,24,-483804.8,-46.6
10,25,-394953.4,-38.04
10,26,-556754.2,-53.63
10,27,117231.45,11.29
10,28,220351.9,21.22
10,29,140967.68,13.48
10,30,112581.88,10.77
10,31,45153.45,4.35
10,32,175717.15,16.93
10,33,148103.35,14.27
10,34,-11881.73,-1.16
10,35,-27642.16,-2.72
10,36,-224745.79,-22.28
10,37,140846.27,13.96
10,38,140846.27,13.96
10,39,72908.85,7.23
10,40,90150.23,9.09
10,41,0,0
10,42,0,0
10,43,0,0
10,44,0,0
10,45,0,0
10,46,0,0
10,47,0,0
10,48,0,0
10,49,0,0
10,50,0,0
11,1,0,0
11,2,-502856.44,-46.82
11,3,-1076776.81,-100.27
11,4,-252866.6,-23.05
11,5,-727752.66,-66.33
11,6,-758308.15,-69.12
11,7,-1053383.38,-96.01
11,8,-747419.79,-68.13
11,9,-930594.74,-84.82
11,10,-854291.15,-77.87
11,11,0,0
11,12,-214033.41,-20.07
11,13,-363810.8,-34.06
11,14,205231.49,19.21
11,15,-48594.82,-4.56
11,16,-612833.55,-57.48
11,17,-802632.72,-75.28
11,18,-901477.4,-84.55
11,19,-564523.32,-52.95
11,20,-409549.35,-38.14
11,21,-872340.15,-84.03
11,22,-676662.6,-65.18
11,23,-811243.08,-78.14
11,24,-483804.8,-46.6
11,25,-394953.4,-38.04
11,26,-412285.07,-39.43
11,27,117231.45,11.29
11,28,106182.44,10.15
11,29,-16050.19,-1.53
11,30,-44435.99,-4.25
11,31,-111289.7,-10.72
11,32,175717.15,16.93
11,33,148103.35,14.27
11,34,15404.63,1.51
11,35,-455.76,-0.04
11,36,-197759.29,-19.61
11,37,154539.42,15.32
11,38,154539.42,15.32
11,39,199042.16,19.88
11,40,90150.23,9.09
11,41,0,0
11,42,0,0
11,43,0,0
11,44,0,0
11,45,0,0
11,46,0,0
11,47,0,0
11,48,0,0
11,49,0,0
11,50,0,0
12,1,0,0
12,2,-1777211.2,-165.49
12,3,685234.71,62.46
12,4,-271219.45,-24.72
12,5,-666017.96,-60.71
12,6,-523231.71,-47.69
12,7,-746463.81,-68.04
12,8,-666494.87,-60.75
12,9,-1070208.16,-97.55
12,10,-944430.99,-86.08
12,11,-835711.15,-76.17
12,12,0,0
12,13,-425961.24,-39.95
12,14,148908.75,13.94
12,15,-484.07,-0.05
12,16,-53357.28,-5
12,17,-602931.59,-56.55
12,18,-784109.64,-73.54
12,19,-1022285,-95.88
12,20,-454397.76,-42.31
12,21,-973667.39,-93.79
12,22,-419711.04,-40.43
12,23,-239909.73,-23.11
12,24,-212295.92,-20.45
12,25,-124993.75,-12.04
12,26,-611726.7,-58.92
12,27,-39211.7,-3.78
12,28,106182.44,10.15
12,29,-16050.19,-1.53
12,30,-129030.82,-12.43
12,31,-83803.45,-8.07
12,32,158330.97,15.25
12,33,175589.6,16.91
12,34,15404.63,1.51
12,35,-455.76,-0.04
12,36,-197759.29,-19.61
12,37,154539.42,15.32
12,38,154539.42,15.32
12,39,199042.16,19.88
12,40,90150.23,9.09
12,41,0,0
12,42,0,0
12,43,0,0
12,44,0,0
12,45,0,0
12,46,0,0
12,47,0,0
12,48,0,0
12,49,0,0
12,50,0,0
13,1,0,0
13,2,-1605538.53,-149.5
13,3,-353209.8,-32.19
13,4,-206294.39,-18.8
13,5,-682502.44,-62.21
13,6,-662925.01,-60.42
13,7,-350827.86,-31.98
13,8,-671513.34,-61.21
13,9,-1010536.05,-92.11
13,10,-1318911.45,-120.22
13,11,-1356412.18,-123.64
13,12,-704082.11,-64.18
13,13,0,0
13,14,-206267.11,-19.35
13,15,677315.19,61.74
13,16,-73787.2,-6.92
13,17,-542469.72,-50.88
13,18,-765549,-71.8
13,19,-470924.45,-44.17
13,20,-520137.13,-48.43
13,21,-495668.42,-47.74
13,22,-313898.81,-30.24
13,23,-184809.67,-17.8
13,24,-184809.67,-17.8
13,25,-97507.5,-9.39
13,26,-584240.45,-56.28
13,27,-11725.45,-1.13
13,28,133768.64,12.79
13,29,11536.01,1.1
13,30,-101544.57,-9.78
13,31,-174848.95,-16.84
13,32,158330.97,15.25
13,33,175589.6,16.91
13,34,15404.63,1.51
13,35,-455.76,-0.04
13,36,-197759.29,-19.61
13,37,154539.42,15.32
13,38,154539.42,15.32
13,39,199042.16,19.88
13,40,90150.23,9.09
13,41,0,0
13,42,0,0
13,43,0,0
13,44,0,0
13,45,0,0
13,46,0,0
13,47,0,0
13,48,0,0
13,49,0,0
13,50,0,0
14,1,0,0
14,2,-1231114.38,-114.64
14,3,-189645.59,-17.29
14,4,-75415.24,-6.87
14,5,-405816.75,-36.99
14,6,-421468.15,-38.42
14,7,-288119.2,-26.26
14,8,-352449.01,-32.13
14,9,-708606.48,-64.59
14,10,-342935.28,-31.26
14,11,-478914.71,-43.65
14,12,-867074.49,-79.03
14,13,-1193246.57,-108.76
14,14,0,0
14,15,-141269.17,-12.88
14,16,194667.04,17.87
14,17,-496915.11,-46.27
14,18,-524795.18,-48.87
14,19,-273289.03,-25.63
14,20,-222834.18,-20.75
14,21,-242480.55,-23.36
14,22,-184809.67,-17.8
14,23,-184809.67,-17.8
14,24,-184809.67,-17.8
14,25,-97507.5,-9.39
14,26,-541716.74,-51.8
14,27,30798.26,2.95
14,28,133768.64,12.79
14,29,11536.01,1.1
14,30,-101544.57,-9.78
14,31,-174848.95,-16.84
14,32,158330.97,15.25
14,33,175589.6,16.91
14,34,15404.63,1.51
14,35,127076.85,12.51
14,36,-71176.2,-7.11
14,37,217979.1,21.77
14,38,217979.1,21.77
14,39,199042.16,19.88
14,40,90150.23,9.09
14,41,0,0
14,42,0,0
14,43,0,0
14,44,0,0
14,45,0,0
14,46,0,0
14,47,0,0
14,48,0,0
14,49,0,0
14,50,0,0
15,1,0,0
15,2,-650889.44,-60.61
15,3,-134463.32,-12.26
15,4,-604349.37,-55.09
15,5,-496333.95,-45.24
15,6,-469243.77,-42.77
15,7,-428123.22,-39.02
15,8,-248953.98,-22.69
15,9,114807.91,10.46
15,10,-141423.41,-12.89
15,11,-1158593.07,-105.6
15,12,-1581394.08,-144.14
15,13,-1869943.45,-171.65
15,14,-1167311.02,-107.15
15,15,0,0
15,16,6772.4,0.62
15,17,-381173.65,-35.49
15,18,-916505.64,-85.34
15,19,-463167.8,-43.44
15,20,-409764.43,-38.16
15,21,-805831.78,-77.06
15,22,-238483.92,-22.97
15,23,-167818.17,-16.16
15,24,-142736.19,-13.65
15,25,-481386.59,-46.03
15,26,-541716.74,-51.8
15,27,30798.26,2.95
15,28,133768.64,12.79
15,29,-73158.77,-7.05
15,30,-101544.57,-9.78
15,31,-45892.05,-4.42
15,32,287287.88,27.67
15,33,304546.5,29.33
15,34,143412,14.02
15,35,127076.85,12.51
15,36,-44289.65,-4.43
15,37,231572.3,23.3
15,38,231572.3,23.3
15,39,231572.3,23.3
15,40,90150.23,9.09
15,41,0,0
15,42,0,0
15,43,0,0
15,44,0,0
15,45,0,0
15,46,0,0
15,47,0,0
15,48,0,0
15,49,0,0
15,50,0,0
16,1,0,0
16,2,-1960736.88,-182.58
16,3,-175636.86,-16.01
16,4,-121256.35,-11.05
16,5,-41284.07,-3.76
16,6,-14193.9,-1.29
16,7,47091.55,4.29
16,8,-58739.31,-5.35
16,9,-79573,-7.25
16,10,-764961.49,-69.73
16,11,-827405.76,-75.42
16,12,-728712.22,-66.42
16,13,-728712.22,-66.42
16,14,-728712.22,-66.42
16,15,-1030048.49,-93.89
16,16,0,0
16,17,-1032316.76,-96.13
16,18,-807506.14,-75.19
16,19,-463167.8,-43.44
16,20,462265.6,43.04
16,21,824.13,0.08
16,22,-644811.89,-61.66
16,23,-570237.99,-54.53
16,24,-640952.96,-61.29
16,25,-351954.92,-33.66
16,26,-497154.48,-47.89
16,27,75360.52,7.26
16,28,178631.05,17.21
16,29,55798.13,5.37
16,30,27412.33,2.64
16,31,-45892.05,-4.42
16,32,287287.88,27.67
16,33,331932.8,31.97
16,34,170598.4,16.67
16,35,154163.3,15.18
16,36,-44289.65,-4.43
16,37,201213.7,20.2
16,38,201213.7,20.2
16,39,231572.3,23.3
16,40,90150.23,9.09
16,41,0,0
16,42,0,0
16,43,0,0
16,44,0,0
16,45,0,0
16,46,0,0
16,47,0,0
16,48,0,0
16,49,0,0
16,50,0,0
17,1,0,0
17,2,-416255.31,-37.94
17,3,-236631.08,-21.57
17,4,69535.59,6.34
17,5,-48212.54,-4.39
17,6,-21122.36,-1.93
17,7,40163.09,3.66
17,8,-65667.77,-5.99
17,9,270971.79,24.7
17,10,270971.79,24.7
17,11,-101299.36,-9.23
17,12,-295435.96,-26.93
17,13,-343082.34,-31.27
17,14,-343082.34,-31.27
17,15,-476325.61,-43.42
17,16,-882765.26,-80.46
17,17,0,0
17,18,-1165104.33,-108.49
17,19,408987.16,38.36
17,20,462265.6,43.04
17,21,-115677.95,-11.14
17,22,78950.13,7.6
17,23,-613208.04,-59.07
17,24,-596390.7,-57.45
17,25,-436824.33,-42.08
17,26,-469768.18,-45.25
17,27,102746.82,9.9
17,28,206017.35,19.84
17,29,83184.42,8.01
17,30,-36246.88,-3.49
17,31,-18505.75,-1.78
17,32,262671.3,25.49
17,33,331932.8,31.97
17,34,170598.4,16.67
17,35,154163.3,15.18
17,36,-44289.65,-4.43
17,37,201213.7,20.2
17,38,134700.56,13.45
17,39,199042.16,19.88
17,40,90150.23,9.09
17,41,0,0
17,42,0,0
17,43,0,0
17,44,0,0
17,45,0,0
17,46,0,0
17,47,0,0
17,48,0,0
17,49,0,0
17,50,0,0
18,1,0,0
18,2,15446.46,1.41
18,3,-66326.71,-6.05
18,4,157586.75,14.36
18,5,-246959.31,-22.51
18,6,-159284.04,-14.52
18,7,-1687.76,-0.15
18,8,-125349.56,-11.43
18,9,211290,19.26
18,10,211290,19.26
18,11,-318577.42,-29.04
18,12,-560360.4,-51.08
18,13,-402764.13,-36.71
18,14,-402764.13,-36.71
18,15,-536007.4,-48.86
18,16,-296115.5,-26.99
18,17,-478540.65,-43.62
18,18,0,0
18,19,247902.59,23.25
18,20,63662.93,5.93
18,21,-115677.95,-11.14
18,22,150385.83,14.49
18,23,127232.49,12.26
18,24,182430.63,17.57
18,25,-395744.88,-38.12
18,26,-546795.36,-52.67
18,27,12026.49,1.16
18,28,115622.17,11.14
18,29,-7861.08,-0.76
18,30,57828.57,5.57
18,31,-18505.75,-1.78
18,32,262671.3,25.49
18,33,331932.8,31.97
18,34,170598.4,16.67
18,35,87900.04,8.65
18,36,-110053.16,-10.99
18,37,199042.16,19.88
18,38,199042.16,19.88
18,39,199042.16,19.88
18,40,90150.23,9.09
18,41,0,0
18,42,0,0
18,43,0,0
18,44,0,0
18,45,0,0
18,46,0,0
18,47,0,0
18,48,0,0
18,49,0,0
18,50,0,0
19,1,0,0
19,2,377697.67,34.43
19,3,551766.25,50.29
19,4,312620.11,28.49
19,5,98966.89,9.02
19,6,30007.03,2.74
19,7,30007.03,2.74
19,8,332627.86,30.32
19,9,243684.96,22.21
19,10,243684.96,22.21
19,11,160100.96,14.59
19,12,-585134.45,-53.33
19,13,-397882.91,-36.27
19,14,-531126.19,-48.41
19,15,-398462.36,-36.32
19,16,-247122.94,-22.52
19,17,-455738.74,-41.54
19,18,-955695.14,-87.11
19,19,0,0
19,20,474517.86,44.19
19,21,-255164.2,-24.58
19,22,190248.2,18.33
19,23,-75795.91,-7.3
19,24,93336.1,8.99
19,25,-72329.85,-6.97
19,26,-132660,-12.78
19,27,12026.49,1.16
19,28,48609.29,4.68
19,29,-179903.59,-17.33
19,30,-9184.31,-0.88
19,31,-190548.26,-18.35
19,32,195908.29,19.01
19,33,264919.91,25.52
19,34,104085.26,10.17
19,35,87900.04,8.65
19,36,-110053.16,-10.99
19,37,72908.85,7.23
19,38,72908.85,7.23
19,39,72908.85,7.23
19,40,90150.23,9.09
19,41,0,0
19,42,0,0
19,43,0,0
19,44,0,0
19,45,0,0
19,46,0,0
19,47,0,0
19,48,0,0
19,49,0,0
19,50,0,0
20,1,0,0
20,2,143835.37,13.49
20,3,514631.76,46.91
20,4,278553.51,25.39
20,5,-202433.68,-18.45
20,6,291053.69,26.53
20,7,215666.01,19.66
20,8,545927.92,49.76
20,9,504206.36,45.96
20,10,477441.05,43.52
20,11,420522.31,38.33
20,12,-325013.25,-29.62
20,13,219711.54,20.03
20,14,-138341.16,-12.61
20,15,-304753.13,-27.78
20,16,-117861.22,-10.74
20,17,-160815.11,-14.66
20,18,-477243.19,-43.5
20,19,-1063303.64,-96.92
20,20,0,0
20,21,-214395.53,-20.65
20,22,-240288.85,-23.15
20,23,-34716.46,-3.34
20,24,-315278.43,-30.59
20,25,-72329.85,-6.97
20,26,-199672.89,-19.23
20,27,-159640.84,-15.48
20,28,-55669.96,-5.4
20,29,-432698.54,-41.67
20,30,-366633.7,-35.56
20,31,-443343.21,-42.7
20,32,-56886.66,-5.52
20,33,11200.43,1.08
20,34,-147785.15,-14.44
20,35,-163045.84,-16.05
20,36,-359149.96,-35.61
20,37,72908.85,7.23
20,38,72908.85,7.23
20,39,69460.57,6.89
20,40,90150.23,9.09
20,41,0,0
20,42,0,0
20,43,0,0
20,44,0,0
20,45,0,0
20,46,0,0
20,47,0,0
20,48,0,0
20,49,0,0
20,50,0,0
21,1,0,0
21,2,-203756.3,-19.11
21,3,317392,28.93
21,4,236680.38,21.57
21,5,-120792.88,-11.01
21,6,257425.3,23.46
21,7,586982.34,53.5
21,8,491236.75,44.78
21,9,491284.12,44.78
21,10,491284.12,44.78
21,11,434365.39,39.59
21,12,79443.44,7.24
21,13,36234.51,3.4
21,14,36234.51,3.4
21,15,36234.51,3.4
21,16,-39986.49,-3.64
21,17,-381459.16,-34.77
21,18,-381459.16,-34.77
21,19,311934.95,28.43
21,20,2322.45,0.22
21,21,0,0
21,22,268339,25.85
21,23,-181509.61,-17.48
21,24,-502949.08,-48.8
21,25,-151368.15,-14.69
21,26,-732155.84,-71.01
21,27,-412435.79,-40
21,28,-308464.91,-29.93
21,29,-432698.54,-41.67
21,30,-366633.7,-35.56
21,31,-450214.77,-43.36
21,32,-2599.57,-0.25
21,33,11200.43,1.08
21,34,-147785.15,-14.44
21,35,-163045.84,-16.05
21,36,-365921.58,-36.29
21,37,69460.57,6.89
21,38,69460.57,6.89
21,39,69460.57,6.89
21,40,90150.23,9.09
21,41,0,0
21,42,0,0
21,43,0,0
21,44,0,0
21,45,0,0
21,46,0,0
21,47,0,0
21,48,0,0
21,49,0,0
21,50,0,0
22,1,0,0
22,2,600349.19,56.31
22,3,818413.59,74.6
22,4,640427.82,58.37
22,5,235483.11,21.46
22,6,409773.89,37.35
22,7,929067.1,84.68
22,8,949327.22,86.53
22,9,976139.91,88.97
22,10,955300.34,87.07
22,11,752809.21,68.62
22,12,564299.22,51.44
22,13,516692.5,48.46
22,14,341129.41,31.99
22,15,341129.41,31.99
22,16,628880.76,57.32
22,17,628880.76,57.32
22,18,635571.07,57.93
22,19,635571.07,57.93
22,20,163190.45,15.72
22,21,-228049.67,-21.97
22,22,0,0
22,23,57986.53,5.55
22,24,-668167.09,-63.9
22,25,-523044.56,-50.38
22,26,-668410,-64.38
22,27,-287770.43,-27.72
22,28,-184249.77,-17.75
22,29,-314479.5,-30.29
22,30,-248864.89,-23.97
22,31,-325124.17,-31.31
22,32,-2599.57,-0.25
22,33,4303.88,0.41
22,34,-154631.72,-15.11
22,35,-169867.42,-16.73
22,36,-365921.58,-36.29
22,37,69460.57,6.89
22,38,69460.57,6.89
22,39,124632.98,12.36
22,40,90150.23,9.09
22,41,0,0
22,42,0,0
22,43,0,0
22,44,0,0
22,45,0,0
22,46,0,0
22,47,0,0
22,48,0,0
22,49,0,0
22,50,0,0
23,1,0,0
23,2,308739.69,28.96
23,3,207449.06,19.46
23,4,309097.61,28.99
23,5,217100.71,19.93
23,6,217100.71,19.93
23,7,553734.39,50.83
23,8,634576.72,58.25
23,9,692481.06,64.95
23,10,748834.06,68.74
23,11,642708.75,60.28
23,12,502999.35,47.18
23,13,401661.65,37.67
23,14,490017.45,45.96
23,15,429160.38,40.25
23,16,618785.8,56.8
23,17,537445.15,49.33
23,18,477338.45,43.82
23,19,477338.45,43.82
23,20,163190.45,15.72
23,21,129423.58,12.47
23,22,183450.58,17.67
23,23,0,0
23,24,-489750.38,-47.17
23,25,-512081.63,-49.32
23,26,-481801.78,-46.41
23,27,-12695.05,-1.23
23,28,-191146.33,-18.41
23,29,-314479.5,-30.29
23,30,22438.04,2.15
23,31,-53245.96,-5.09
23,32,187587.81,17.94
23,33,114648.68,11.04
23,34,-45086.52,-4.41
23,35,-60722.02,-5.98
23,36,-257575.77,-25.54
23,37,124632.98,12.36
23,38,124632.98,12.36
23,39,124632.98,12.36
23,40,90150.23,9.09
23,41,0,0
23,42,0,0
23,43,0,0
23,44,0,0
23,45,0,0
23,46,0,0
23,47,0,0
23,48,0,0
23,49,0,0
23,50,0,0
24,1,0,0
24,2,343062.79,32.18
24,3,275353.72,25.83
24,4,811412.94,76.1
24,5,832163.56,78.05
24,6,750822.91,70.42
24,7,1007876.58,94.53
24,8,677484.32,63.54
24,9,1007023.36,94.45
24,10,1007023.36,94.45
24,11,1059974.69,99.42
24,12,916863.59,85.99
24,13,916863.59,85.99
24,14,916863.59,85.99
24,15,916863.59,85.99
24,16,960957.45,88.21
24,17,879616.8,80.74
24,18,819510.1,75.23
24,19,785743.22,72.13
24,20,669881.7,62.38
24,21,515052.51,49.25
24,22,515052.51,49.25
24,23,575234.25,55.01
24,24,0,0
24,25,-394508.65,-38
24,26,-481801.78,-46.41
24,27,91734.13,8.84
24,28,-172061.74,-16.69
24,29,-314479.5,-30.29
24,30,-138520.09,-13.34
24,31,42402.6,4.05
24,32,203043.96,19.56
24,33,209947.41,20.22
24,34,49512.56,4.84
24,35,33527.24,3.3
24,36,-164026.16,-16.39
24,37,171655.86,17.32
24,38,171655.86,17.32
24,39,171655.86,17.32
24,40,90150.23,9.09
24,41,0,0
24,42,0,0
24,43,0,0
24,44,0,0
24,45,0,0
24,46,0,0
24,47,0,0
24,48,0,0
24,49,0,0
24,50,0,0
25,1,0,0
25,2,499239.99,46.82
25,3,315715.13,29.61
25,4,811412.94,76.1
25,5,973643.7,91.32
25,6,973643.7,91.32
25,7,973643.7,91.32
25,8,993903.82,93.22
25,9,1020716.51,95.73
25,10,1096028.84,102.8
25,11,1059974.69,99.42
25,12,916863.59,85.99
25,13,916863.59,85.99
25,14,916863.59,85.99
25,15,916863.59,85.99
25,16,1103711.95,101.32
25,17,1103711.95,101.32
25,18,1103711.95,101.32
25,19,1103711.95,101.32
25,20,987550.57,91.96
25,21,647472.31,61.92
25,22,677038.75,64.74
25,23,677038.75,64.74
25,24,558242.75,53.38
25,25,0,0
25,26,-620089.01,-60.16
25,27,-30186.3,-2.93
25,28,-172061.74,-16.69
25,29,-268909.06,-25.9
25,30,-138520.09,-13.34
25,31,-245320.86,-23.63
25,32,38779.73,3.74
25,33,45683.18,4.4
25,34,-113552.27,-11.1
25,35,-128937.9,-12.7
25,36,-325291.9,-32.51
25,37,90150.23,9.09
25,38,90150.23,9.09
25,39,90150.23,9.09
25,40,90150.23,9.09
25,41,0,0
25,42,0,0
25,43,0,0
25,44,0,0
25,45,0,0
25,46,0,0
25,47,0,0
25,48,0,0
25,49,0,0
25,50,0,0
26,1,0,0
26,2,-627005.19,-60.11
26,3,-1372768.01,-127.83
26,4,56026.18,5.25
26,5,56026.18,5.25
26,6,292635.34,27.45
26,7,963513.64,90.37
26,8,963513.64,90.37
26,9,1020716.51,95.73
26,10,1096028.84,102.8
26,11,1059974.69,99.42
26,12,916863.59,85.99
26,13,916863.59,85.99
26,14,916863.59,85.99
26,15,916863.59,85.99
26,16,1103711.95,101.32
26,17,1103711.95,101.32
26,18,1103711.95,101.32
26,19,1103711.95,101.32
26,20,987550.57,91.96
26,21,677038.75,64.74
26,22,677038.75,64.74
26,23,677038.75,64.74
26,24,558242.75,53.38
26,25,644120.64,61.6
26,26,0,0
26,27,206358.9,19.88
26,28,-47346.85,-4.56
26,29,-143193.77,-13.79
26,30,-77579.16,-7.47
26,31,-24881.55,-2.4
26,32,38779.73,3.74
26,33,45683.18,4.4
26,34,-360521.55,-35.24
26,35,-375007.63,-36.92
26,36,-569562.53,-56.63
26,37,-418904.56,-41.65
26,38,-34480.25,-3.43
26,39,90150.23,9.09
26,40,-34480.25,-3.43
26,41,0,0
26,42,0,0
26,43,0,0
26,44,0,0
26,45,0,0
26,46,0,0
26,47,0,0
26,48,0,0
26,49,0,0
26,50,0,0
27,1,0,0
27,2,-1056443.16,-98.37
27,3,-941175.55,-87.64
27,4,56026.18,5.25
27,5,-486.79,-0.05
27,6,235432.46,22.08
27,7,416351.64,39.05
27,8,416351.64,39.05
27,9,473554.51,44.42
27,10,473554.51,44.42
27,11,275269.6,25.82
27,12,132158.5,12.4
27,13,132158.5,12.4
27,14,369701.59,34.67
27,15,369701.59,34.67
27,16,556549.95,51.09
27,17,556549.95,51.09
27,18,1103711.95,101.32
27,19,1103711.95,101.32
27,20,987550.57,91.96
27,21,677038.75,64.74
27,22,558242.75,53.38
27,23,558242.75,53.38
27,24,558242.75,53.38
27,25,637374.01,60.95
27,26,754456.51,72.15
27,27,0,0
27,28,-281690.85,-26.94
27,29,-259763.56,-24.84
27,30,-100125.15,-9.57
27,31,-207516.36,-19.84
27,32,118372.44,11.32
27,33,-203085.2,-19.56
27,34,-360521.55,-35.24
27,35,-375007.63,-36.92
27,36,-460570.64,-46.03
27,37,-353718.15,-35.17
27,38,-329906.25,-32.8
27,39,-34480.25,-3.43
27,40,-34480.25,-3.43
27,41,0,0
27,42,0,0
27,43,0,0
27,44,0,0
27,45,0,0
27,46,0,0
27,47,0,0
27,48,0,0
27,49,0,0
27,50,0,0
28,1,0,0
28,2,-1305161.23,-121.53
28,3,301076.45,28.24
28,4,126906.32,11.9
28,5,-611.73,-0.06
28,6,409480.07,38.41
28,7,409480.07,38.41
28,8,409480.07,38.41
28,9,466682.95,43.77
28,10,466682.95,43.77
28,11,430628.8,40.39
28,12,125286.94,11.75
28,13,125286.94,11.75
28,14,125286.94,11.75
28,15,362830.02,34.03
28,16,549678.39,50.46
28,17,549678.39,50.46
28,18,1096840.39,100.68
28,19,1096840.39,100.68
28,20,980679.01,91.32
28,21,670167.19,64.09
28,22,551371.19,52.73
28,23,551371.19,52.73
28,24,544599.57,52.08
28,25,630502.45,60.29
28,26,747584.95,71.49
28,27,747584.95,71.49
28,28,0,0
28,29,-73158.77,-7.05
28,30,-63622.19,-6.13
28,31,-10874.55,-1.05
28,32,-203085.2,-19.56
28,33,331932.8,31.97
28,34,-360521.55,-35.24
28,35,-265216.14,-26.11
28,36,-460570.64,-46.03
28,37,-243526.86,-24.27
28,38,-219714.96,-22.06
28,39,21338.24,2.16
28,40,-34480.25,-3.43
28,41,0,0
28,42,0,0
28,43,0,0
28,44,0,0
28,45,0,0
28,46,0,0
28,47,0,0
28,48,0,0
28,49,0,0
28,50,0,0
29,1,0,0
29,2,-648501.3,-60.39
29,3,208061.17,19.51
29,4,72351.5,6.79
29,5,155400.31,14.58
29,6,336319.49,31.54
29,7,336319.49,31.54
29,8,336319.49,31.54
29,9,430628.8,40.39
29,10,430628.8,40.39
29,11,430628.8,40.39
29,12,287517.7,26.97
29,13,287517.7,26.97
29,14,137233.92,12.87
29,15,137233.92,12.87
29,16,630659.44,57.89
29,17,630659.44,57.89
29,18,1177821.44,108.12
29,19,1096840.39,100.68
29,20,980679.01,91.32
29,21,663395.57,63.44
29,22,544599.57,52.08
29,23,544599.57,52.08
29,24,470936.07,45.04
29,25,630502.45,60.29
29,26,747584.95,71.49
29,27,747584.95,71.49
29,28,382533.75,36.58
29,29,0,0
29,30,-98514.63,-9.49
29,31,-78595.25,-7.57
29,32,328481.07,31.64
29,33,328481.07,31.64
29,34,104085.26,10.17
29,35,-265216.14,-26.11
29,36,-610492.05,-61.01
29,37,-395097.45,-39.38
29,38,-371285.55,-37.27
29,39,21338.24,2.16
29,40,21338.24,2.16
29,41,0,0
29,42,0,0
29,43,0,0
29,44,0,0
29,45,0,0
29,46,0,0
29,47,0,0
29,48,0,0
29,49,0,0
29,50,0,0
30,1,0,0
30,2,-1150930.89,-107.17
30,3,-613941.85,-56.36
30,4,-605271.44,-55.56
30,5,518312.49,47.58
30,6,699231.66,64.19
30,7,699231.66,64.19
30,8,699231.66,64.19
30,9,793540.98,72.84
30,10,793540.98,72.84
30,11,793540.98,72.84
30,12,889014.1,81.61
30,13,473541.48,43.47
30,14,473541.48,43.47
30,15,473541.48,43.47
30,16,473541.48,43.47
30,17,549678.39,50.46
30,18,1096840.39,100.68
30,19,1096840.39,100.68
30,20,966935.89,90.04
30,21,537827.96,51.43
30,22,630553.14,60.3
30,23,630553.14,60.3
30,24,556564.8,53.22
30,25,716131.17,68.48
30,26,747584.95,71.49
30,27,747584.95,71.49
30,28,382533.75,36.58
30,29,382006.11,36.53
30,30,0,0
30,31,-211788.8,-20.4
30,32,258016.46,24.85
30,33,328481.07,31.64
30,34,104085.26,10.17
30,35,-163045.84,-16.05
30,36,-610492.05,-61.01
30,37,-395097.45,-39.38
30,38,-285231.1,-28.63
30,39,-55469.75,0
30,40,-55469.75,0
30,41,0,0
30,42,0,0
30,43,0,0
30,44,0,0
30,45,0,0
30,46,0,0
30,47,0,0
30,48,0,0
30,49,0,0
30,50,0,0
31,1,0,0
31,2,-218026.55,-20.01
31,3,-338713.36,-31.09
31,4,-517500.57,-47.5
31,5,531704.95,48.81
31,6,606083.35,55.64
31,7,606083.35,55.64
31,8,606083.35,55.64
31,9,793540.98,72.84
31,10,793540.98,72.84
31,11,793540.98,72.84
31,12,889014.1,81.61
31,13,473541.48,43.47
31,14,473541.48,43.47
31,15,473541.48,43.47
31,16,473541.48,43.47
31,17,473541.48,43.47
31,18,844929.49,77.56
31,19,1082997.31,99.41
31,20,729317.84,67.91
31,21,630553.14,60.3
31,22,630553.14,60.3
31,23,544599.57,52.08
31,24,470936.07,45.04
31,25,630502.45,60.29
31,26,747584.95,71.49
31,27,747584.95,71.49
31,28,382533.75,36.58
31,29,509236.45,48.7
31,30,509236.45,48.7
31,31,0,0
31,32,258016.46,24.85
31,33,314674.17,30.31
31,34,104085.26,10.17
31,35,-163045.84,-16.05
31,36,-359149.96,-35.61
31,37,-309043,-30.8
31,38,-285231.1,-28.63
31,39,0,0
31,40,0,0
31,41,0,0
31,42,0,0
31,43,0,0
31,44,0,0
31,45,0,0
31,46,0,0
31,47,0,0
31,48,0,0
31,49,0,0
31,50,0,0
32,1,0,0
32,2,-109070.9,-10.01
32,3,-306192.34,-28.11
32,4,-306192.34,-28.11
32,5,-326527.5,-29.97
32,6,-326527.5,-29.97
32,7,-326527.5,-29.97
32,8,-326527.5,-29.97
32,9,-139069.87,-12.77
32,10,-139069.87,-12.77
32,11,930470.81,85.41
32,12,610471.31,56.04
32,13,610471.31,56.04
32,14,610471.31,56.04
32,15,610471.31,56.04
32,16,610471.31,56.04
32,17,610471.31,56.04
32,18,1155707.35,106.09
32,19,1013791.43,93.06
32,20,957046.89,89.12
32,21,765557.01,73.21
32,22,706689.9,67.58
32,23,632926.45,60.53
32,24,605939.95,57.95
32,25,765506.32,73.2
32,26,882588.82,84.4
32,27,823797.59,78.78
32,28,519463.59,49.68
32,29,518935.95,49.63
32,30,585449.09,55.99
32,31,585449.09,55.99
32,32,0,0
32,33,303791.85,29.48
32,34,104085.26,10.17
32,35,-163045.84,-16.05
32,36,-365921.58,-36.29
32,37,-147828.33,-14.66
32,38,-285231.1,-28.63
32,39,0,0
32,40,0,0
32,41,0,0
32,42,0,0
32,43,0,0
32,44,0,0
32,45,0,0
32,46,0,0
32,47,0,0
32,48,0,0
32,49,0,0
32,50,0,0
33,1,0,0
33,2,-521932.72,-47.91
33,3,-479941.49,-44.06
33,4,-479941.49,-44.06
33,5,-500276.65,-45.92
33,6,-500276.65,-45.92
33,7,-500276.65,-45.92
33,8,-500276.65,-45.92
33,9,-312819.03,-28.72
33,10,756721.66,69.46
33,11,756721.66,69.46
33,12,784728.54,72.03
33,13,436722.16,40.09
33,14,436722.16,40.09
33,15,436722.16,40.09
33,16,436722.16,40.09
33,17,436722.16,40.09
33,18,981958.2,90.14
33,19,981958.2,90.14
33,20,866446.5,80.68
33,21,539987.22,52.01
33,22,439237.28,42.31
33,23,439237.28,42.31
33,24,445990.65,42.96
33,25,605600.25,58.33
33,26,545270.1,52.52
33,27,722682.75,69.61
33,28,416047.6,40.07
33,29,562573.35,54.19
33,30,562573.35,54.19
33,31,562573.35,54.19
33,32,599042.74,57.29
33,33,0,0
33,34,104085.26,10.17
33,35,-163045.84,-16.05
33,36,-365921.58,-36.29
33,37,-147828.33,-14.66
33,38,-14471.23,-1.44
33,39,171655.86,17.32
33,40,0,0
33,41,0,0
33,42,0,0
33,43,0,0
33,44,0,0
33,45,0,0
33,46,0,0
33,47,0,0
33,48,0,0
33,49,0,0
33,50,0,0
34,1,0,0
34,2,-521932.72,-47.91
34,3,-537963.22,-49.38
34,4,-531041.69,-48.75
34,5,-551376.85,-50.61
34,6,-908850.1,-83.43
34,7,-759743.53,-69.74
34,8,-759743.53,-69.74
34,9,-572285.9,-52.53
34,10,497254.79,45.65
34,11,497254.79,45.65
34,12,525261.66,48.22
34,13,177255.29,16.27
34,14,177255.29,16.27
34,15,177255.29,16.27
34,16,177255.29,16.27
34,17,726343.25,66.67
34,18,726343.25,66.67
34,19,726343.25,66.67
34,20,610181.88,56.82
34,21,380486.11,36.65
34,22,256653.64,24.72
34,23,260005.31,25.04
34,24,260005.31,25.04
34,25,286145.06,27.56
34,26,199675.16,19.23
34,27,377087.81,36.32
34,28,70452.66,6.79
34,29,216978.41,20.9
34,30,216978.41,20.9
34,31,216978.41,20.9
34,32,252173.44,24.12
34,33,179009.44,17.24
34,34,0,0
34,35,-163045.84,-16.05
34,36,-365921.58,-36.29
34,37,-38283.13,-3.8
34,38,-14471.23,-1.44
34,39,171655.86,17.32
34,40,90150.23,9.09
34,41,0,0
34,42,0,0
34,43,0,0
34,44,0,0
34,45,0,0
34,46,0,0
34,47,0,0
34,48,0,0
34,49,0,0
34,50,0,0
35,1,0,0
35,2,-563259.02,-51.7
35,3,-343584.06,-31.54
35,4,-343584.06,-31.54
35,5,-929759.15,-85.35
35,6,-1286681.75,-118.11
35,7,-1286681.75,-118.11
35,8,-929208.5,-85.3
35,9,497254.79,45.65
35,10,497254.79,45.65
35,11,497254.79,45.65
35,12,167788.41,15.4
35,13,177255.29,16.27
35,14,177255.29,16.27
35,15,177255.29,16.27
35,16,177255.29,16.27
35,17,726343.25,66.67
35,18,726343.25,66.67
35,19,726343.25,66.67
35,20,610181.88,56.82
35,21,23012.86,2.22
35,22,23012.86,2.22
35,23,260005.31,25.04
35,24,286145.06,27.56
35,25,286145.06,27.56
35,26,199675.16,19.23
35,27,377087.81,36.32
35,28,70452.66,6.79
35,29,216978.41,20.9
35,30,216978.41,20.9
35,31,216978.41,20.9
35,32,252173.44,24.12
35,33,182461.16,17.58
35,34,157962.71,15.66
35,35,0,0
35,36,-365921.58,-36.29
35,37,-38283.13,-3.8
35,38,80127.86,8.04
35,39,171655.86,17.32
35,40,90150.23,9.09
35,41,0,0
35,42,0,0
35,43,0,0
35,44,0,0
35,45,0,0
35,46,0,0
35,47,0,0
35,48,0,0
35,49,0,0
35,50,0,0
36,1,0,0
36,2,-295000.04,-28.28
36,3,-897807.87,-86.48
36,4,-664635.37,-61.89
36,5,-1399366.39,-130.3
36,6,-1399366.39,-130.3
36,7,-1041893.14,-97.02
36,8,-1041893.14,-97.02
36,9,-156371.18,-14.56
36,10,279117.45,25.99
36,11,279117.45,25.99
36,12,307899.71,28.67
36,13,64570.65,6.01
36,14,64570.65,6.01
36,15,64570.65,6.01
36,16,64570.65,6.01
36,17,613658.61,57.14
36,18,613658.61,57.14
36,19,613658.61,57.14
36,20,610181.88,56.82
36,21,23012.86,2.22
36,22,23012.86,2.22
36,23,23012.86,2.22
36,24,309781.88,29.84
36,25,309781.88,29.84
36,26,199675.16,19.23
36,27,377087.81,36.32
36,28,70452.66,6.79
36,29,216978.41,20.9
36,30,216978.41,20.9
36,31,216978.41,20.9
36,32,252173.44,24.12
36,33,182461.16,17.58
36,34,157962.71,15.66
36,35,157962.71,15.66
36,36,0,0
36,37,-38283.13,-3.8
36,38,-14471.23,-1.44
36,39,90150.23,9.09
36,40,90150.23,9.09
36,41,0,0
36,42,0,0
36,43,0,0
36,44,0,0
36,45,0,0
36,46,0,0
36,47,0,0
36,48,0,0
36,49,0,0
36,50,0,0
37,1,0,0
37,2,-292919.54,-28.08
37,3,-900239.19,-86.71
37,4,-947620.9,-88.24
37,5,-967881.02,-90.13
37,6,-967881.02,-90.13
37,7,-967881.02,-90.13
37,8,-967881.02,-90.13
37,9,-85110.16,-7.93
37,10,314646.34,29.3
37,11,279117.45,25.99
37,12,307899.71,28.67
37,13,64570.65,6.01
37,14,64570.65,6.01
37,15,64570.65,6.01
37,16,613658.61,57.14
37,17,613658.61,57.14
37,18,613658.61,57.14
37,19,613658.61,57.14
37,20,610181.88,56.82
37,21,380486.11,36.65
37,22,380486.11,36.65
37,23,380486.11,36.65
37,24,23012.86,2.22
37,25,356907.11,34.38
37,26,199675.16,19.23
37,27,377087.81,36.32
37,28,70452.66,6.79
37,29,216978.41,20.9
37,30,216978.41,20.9
37,31,216978.41,20.9
37,32,252173.44,24.12
37,33,182461.16,17.58
37,34,157962.71,15.66
37,35,157962.71,15.66
37,36,157962.71,15.66
37,37,0,0
37,38,80127.86,8.04
37,39,171655.86,17.32
37,40,90150.23,9.09
37,41,0,0
37,42,0,0
37,43,0,0
37,44,0,0
37,45,0,0
37,46,0,0
37,47,0,0
37,48,0,0
37,49,0,0
37,50,0,0
38,1,0,0
38,2,-292919.54,-28.08
38,3,-1180793.4,-113.74
38,4,-947620.9,-88.24
38,5,-967881.02,-90.13
38,6,-967881.02,-90.13
38,7,-967881.02,-90.13
38,8,-967881.02,-90.13
38,9,-85110.16,-7.93
38,10,314646.34,29.3
38,11,279117.45,25.99
38,12,307899.71,28.67
38,13,64570.65,6.01
38,14,64570.65,6.01
38,15,64570.65,6.01
38,16,613658.61,57.14
38,17,613658.61,57.14
38,18,613658.61,57.14
38,19,613658.61,57.14
38,20,610181.88,56.82
38,21,380486.11,36.65
38,22,380486.11,36.65
38,23,380486.11,36.65
38,24,380486.11,36.65
38,25,380486.11,36.65
38,26,199675.16,19.23
38,27,377087.81,36.32
38,28,70452.66,6.79
38,29,216978.41,20.9
38,30,216978.41,20.9
38,31,216978.41,20.9
38,32,252173.44,24.12
38,33,182461.16,17.58
38,34,157962.71,15.66
38,35,157962.71,15.66
38,36,157962.71,15.66
38,37,157962.71,15.66
38,38,0,0
38,39,90150.23,9.09
38,40,90150.23,9.09
38,41,0,0
38,42,0,0
38,43,0,0
38,44,0,0
38,45,0,0
38,46,0,0
38,47,0,0
38,48,0,0
38,49,0,0
38,50,0,0
39,1,0,0
39,2,159633.33,15.3
39,3,-1315903.84,-126.75
39,4,-1021999.3,-95.16
39,5,-1042259.42,-97.05
39,6,-967881.02,-90.13
39,7,-967881.02,-90.13
39,8,-967881.02,-90.13
39,9,-85110.16,-7.93
39,10,314646.34,29.3
39,11,279117.45,25.99
39,12,307899.71,28.67
39,13,64570.65,6.01
39,14,64570.65,6.01
39,15,64570.65,6.01
39,16,613658.61,57.14
39,17,613658.61,57.14
39,18,613658.61,57.14
39,19,613658.61,57.14
39,20,610181.88,56.82
39,21,380486.11,36.65
39,22,380486.11,36.65
39,23,380486.11,36.65
39,24,380486.11,36.65
39,25,380486.11,36.65
39,26,377087.81,36.32
39,27,377087.81,36.32
39,28,70452.66,6.79
39,29,216978.41,20.9
39,30,216978.41,20.9
39,31,216978.41,20.9
39,32,252173.44,24.12
39,33,182461.16,17.58
39,34,157962.71,15.66
39,35,157962.71,15.66
39,36,157962.71,15.66
39,37,157962.71,15.66
39,38,217979.1,21.77
39,39,0,0
39,40,-34480.25,-3.43
39,41,0,0
39,42,0,0
39,43,0,0
39,44,0,0
39,45,0,0
39,46,0,0
39,47,0,0
39,48,0,0
39,49,0,0
39,50,0,0
40,1,0,0
40,2,178588,17.12
40,3,-947620.9,-88.24
40,4,-1021999.3,-95.16
40,5,-967881.02,-90.13
40,6,-967881.02,-90.13
40,7,-967881.02,-90.13
40,8,-967881.02,-90.13
40,9,-85110.16,-7.93
40,10,314646.34,29.3
40,11,279117.45,25.99
40,12,307899.71,28.67
40,13,64570.65,6.01
40,14,64570.65,6.01
40,15,64570.65,6.01
40,16,613658.61,57.14
40,17,613658.61,57.14
40,18,613658.61,57.14
40,19,613658.61,57.14
40,20,610181.88,56.82
40,21,380486.11,36.65
40,22,380486.11,36.65
40,23,380486.11,36.65
40,24,380486.11,36.65
40,25,380486.11,36.65
40,26,377087.81,36.32
40,27,377087.81,36.32
40,28,70452.66,6.79
40,29,216978.41,20.9
40,30,216978.41,20.9
40,31,216978.41,20.9
40,32,252173.44,24.12
40,33,182461.16,17.58
40,34,157962.71,15.66
40,35,157962.71,15.66
40,36,157962.71,15.66
40,37,157962.71,15.66
40,38,217979.1,21.77
40,39,231572.3,23.3
40,40,0,0
40,41,0,0
40,42,0,0
40,43,0,0
40,44,0,0
40,45,0,0
40,46,0,0
40,47,0,0
40,48,0,0
40,49,0,0
40,50,0,0
41,1,0,0
41,2,178588,17.12
41,3,-954492.46,-88.88
41,4,-954492.46,-88.88
41,5,-974752.59,-90.77
41,6,-974752.59,-90.77
41,7,-974752.59,-90.77
41,8,-974752.59,-90.77
41,9,-91981.73,-8.56
41,10,307774.77,28.66
41,11,272245.89,25.35
41,12,301028.15,28.03
41,13,57699.09,5.37
41,14,57699.09,5.37
41,15,57699.09,5.37
41,16,606787.05,56.5
41,17,606787.05,56.5
41,18,606787.05,56.5
41,19,606787.05,56.5
41,20,603310.31,56.18
41,21,377087.81,36.32
41,22,377087.81,36.32
41,23,377087.81,36.32
41,24,377087.81,36.32
41,25,377087.81,36.32
41,26,377087.81,36.32
41,27,377087.81,36.32
41,28,70452.66,6.79
41,29,216978.41,20.9
41,30,216978.41,20.9
41,31,216978.41,20.9
41,32,252173.44,24.12
41,33,182461.16,17.58
41,34,157962.71,15.66
41,35,157962.71,15.66
41,36,157962.71,15.66
41,37,157962.71,15.66
41,38,217979.1,21.77
41,39,231572.3,23.3
41,40,90150.23,9.09
41,41,0,0
41,42,0,0
41,43,0,0
41,44,0,0
41,45,0,0
41,46,0,0
41,47,0,0
41,48,0,0
41,49,0,0
41,50,0,0
42,1,0,0
42,2,236055.34,21.98
42,3,-886108.29,-82.51
42,4,-927078.76,-86.33
42,5,-947338.89,-88.21
42,6,-947338.89,-88.21
42,7,-947338.89,-88.21
42,8,-947338.89,-88.21
42,9,-64568.03,-6.01
42,10,335188.47,31.21
42,11,299659.59,27.9
42,12,328441.85,30.58
42,13,85112.79,7.93
42,14,85112.79,7.93
42,15,634200.75,59.05
42,16,634200.75,59.05
42,17,634200.75,59.05
42,18,634200.75,59.05
42,19,634200.75,59.05
42,20,630724.01,58.73
42,21,404501.51,38.96
42,22,404501.51,38.96
42,23,404501.51,38.96
42,24,404501.51,38.96
42,25,404501.51,38.96
42,26,404501.51,38.96
42,27,404501.51,38.96
42,28,98266.56,9.47
42,29,230785.31,22.23
42,30,230785.31,22.23
42,31,230785.31,22.23
42,32,252173.44,24.12
42,33,182461.16,17.58
42,34,157962.71,15.66
42,35,157962.71,15.66
42,36,157962.71,15.66
42,37,157962.71,15.66
42,38,140846.27,13.96
42,39,231572.3,23.3
42,40,90150.23,9.09
42,41,0,0
42,42,0,0
42,43,0,0
42,44,0,0
42,45,0,0
42,46,0,0
42,47,0,0
42,48,0,0
42,49,0,0
42,50,0,0
43,1,0,0
43,2,236055.34,21.98
43,3,-31834.85,-2.96
43,4,-906464.07,-84.41
43,5,-926724.2,-86.29
43,6,-926724.2,-86.29
43,7,-926724.2,-86.29
43,8,-926724.2,-86.29
43,9,-43953.34,-4.09
43,10,355803.16,33.13
43,11,320274.28,29.82
43,12,349056.54,32.5
43,13,105727.48,9.84
43,14,105727.48,9.84
43,15,654815.44,60.97
43,16,654815.44,60.97
43,17,654815.44,60.97
43,18,654815.44,60.97
43,19,654815.44,60.97
43,20,651338.7,60.65
43,21,425116.2,40.95
43,22,425116.2,40.95
43,23,425116.2,40.95
43,24,425116.2,40.95
43,25,425116.2,40.95
43,26,425116.2,40.95
43,27,425116.2,40.95
43,28,118881.25,11.45
43,29,251400,24.22
43,30,251400,24.22
43,31,251400,24.22
43,32,272863.09,26.09
43,33,203075.85,19.56
43,34,42690.98,4.17
43,35,168232.58,16.68
43,36,168232.58,16.68
43,37,168232.58,16.68
43,38,140846.27,13.96
43,39,231572.3,23.3
43,40,90150.23,9.09
43,41,0,0
43,42,0,0
43,43,0,0
43,44,0,0
43,45,0,0
43,46,0,0
43,47,0,0
43,48,0,0
43,49,0,0
43,50,0,0
44,1,0,0
44,2,236055.34,21.98
44,3,-636241.51,-59.24
44,4,-906464.07,-84.41
44,5,-926724.2,-86.29
44,6,-926724.2,-86.29
44,7,-926724.2,-86.29
44,8,-926724.2,-86.29
44,9,-43953.34,-4.09
44,10,355803.16,33.13
44,11,320274.28,29.82
44,12,349056.54,32.5
44,13,105727.48,9.84
44,14,105727.48,9.84
44,15,654815.44,60.97
44,16,654815.44,60.97
44,17,654815.44,60.97
44,18,654815.44,60.97
44,19,654815.44,60.97
44,20,651338.7,60.65
44,21,425116.2,40.95
44,22,425116.2,40.95
44,23,425116.2,40.95
44,24,425116.2,40.95
44,25,425116.2,40.95
44,26,425116.2,40.95
44,27,425116.2,40.95
44,28,72132.6,6.95
44,29,251400,24.22
44,30,251400,24.22
44,31,251400,24.22
44,32,230689.65,22.22
44,33,203075.85,19.56
44,34,42690.98,4.17
44,35,168232.58,16.68
44,36,168232.58,16.68
44,37,168232.58,16.68
44,38,140846.27,13.96
44,39,231572.3,23.3
44,40,90150.23,9.09
44,41,0,0
44,42,0,0
44,43,0,0
44,44,0,0
44,45,0,0
44,46,0,0
44,47,0,0
44,48,0,0
44,49,0,0
44,50,0,0
45,1,0,0
45,2,-543993.74,-50.65
45,3,-440279.4,-41
45,4,-926724.2,-86.29
45,5,-926724.2,-86.29
45,6,-926724.2,-86.29
45,7,-926724.2,-86.29
45,8,-926724.2,-86.29
45,9,-43953.34,-4.09
45,10,355803.16,33.13
45,11,320274.28,29.82
45,12,349056.54,32.5
45,13,105727.48,9.84
45,14,654815.44,60.97
45,15,654815.44,60.97
45,16,654815.44,60.97
45,17,654815.44,60.97
45,18,654815.44,60.97
45,19,654815.44,60.97
45,20,651338.7,60.65
45,21,425116.2,40.95
45,22,425116.2,40.95
45,23,425116.2,40.95
45,24,425116.2,40.95
45,25,425116.2,40.95
45,26,425116.2,40.95
45,27,425116.2,40.95
45,28,251400,24.22
45,29,251400,24.22
45,30,251400,24.22
45,31,251400,24.22
45,32,230689.65,22.22
45,33,203075.85,19.56
45,34,42690.98,4.17
45,35,168232.58,16.68
45,36,168232.58,16.68
45,37,168232.58,16.68
45,38,140846.27,13.96
45,39,231572.3,23.3
45,40,90150.23,9.09
45,41,0,0
45,42,0,0
45,43,0,0
45,44,0,0
45,45,0,0
45,46,0,0
45,47,0,0
45,48,0,0
45,49,0,0
45,50,0,0
46,1,0,0
46,2,-631277.18,-58.78
46,3,-377636.24,-35.16
46,4,-926724.2,-86.29
46,5,-926724.2,-86.29
46,6,-926724.2,-86.29
46,7,-926724.2,-86.29
46,8,-926724.2,-86.29
46,9,-1005565.09,-93.63
46,10,355803.16,33.13
46,11,320274.28,29.82
46,12,349056.54,32.5
46,13,654815.44,60.97
46,14,654815.44,60.97
46,15,654815.44,60.97
46,16,654815.44,60.97
46,17,654815.44,60.97
46,18,654815.44,60.97
46,19,654815.44,60.97
46,20,651338.7,60.65
46,21,425116.2,40.95
46,22,425116.2,40.95
46,23,425116.2,40.95
46,24,425116.2,40.95
46,25,425116.2,40.95
46,26,425116.2,40.95
46,27,425116.2,40.95
46,28,251400,24.22
46,29,251400,24.22
46,30,251400,24.22
46,31,251400,24.22
46,32,230689.65,22.22
46,33,203075.85,19.56
46,34,42690.98,4.17
46,35,168232.58,16.68
46,36,168232.58,16.68
46,37,168232.58,16.68
46,38,140846.27,13.96
46,39,231572.3,23.3
46,40,90150.23,9.09
46,41,0,0
46,42,0,0
46,43,0,0
46,44,0,0
46,45,0,0
46,46,0,0
46,47,0,0
46,48,0,0
46,49,0,0
46,50,0,0
47,1,0,0
47,2,-885753.72,-82.48
47,3,-465822.06,-43.38
47,4,-885753.72,-82.48
47,5,-885753.72,-82.48
47,6,-885753.72,-82.48
47,7,-885753.72,-82.48
47,8,-885753.72,-82.48
47,9,-964594.61,-89.82
47,10,355803.16,33.13
47,11,320274.28,29.82
47,12,362713.36,33.77
47,13,119384.3,11.12
47,14,654815.44,60.97
47,15,654815.44,60.97
47,16,654815.44,60.97
47,17,654815.44,60.97
47,18,654815.44,60.97
47,19,654815.44,60.97
47,20,651338.7,60.65
47,21,425116.2,40.95
47,22,425116.2,40.95
47,23,425116.2,40.95
47,24,425116.2,40.95
47,25,425116.2,40.95
47,26,425116.2,40.95
47,27,425116.2,40.95
47,28,251400,24.22
47,29,251400,24.22
47,30,251400,24.22
47,31,251400,24.22
47,32,230689.65,22.22
47,33,203075.85,19.56
47,34,42690.98,4.17
47,35,168232.58,16.68
47,36,168232.58,16.68
47,37,168232.58,16.68
47,38,140846.27,13.96
47,39,199042.16,19.88
47,40,90150.23,9.09
47,41,0,0
47,42,0,0
47,43,0,0
47,44,0,0
47,45,0,0
47,46,0,0
47,47,0,0
47,48,0,0
47,49,0,0
47,50,0,0
48,1,0,0
48,2,-374906.06,-34.91
48,3,48273.97,4.5
48,4,-156728.41,-14.59
48,5,-576660.08,-53.7
48,6,-576660.08,-53.7
48,7,-576660.08,-53.7
48,8,-576660.08,-53.7
48,9,-697845.75,-64.98
48,10,314487.49,29.28
48,11,278958.6,25.98
48,12,843172,78.51
48,13,599842.94,55.85
48,14,599842.94,55.85
48,15,599842.94,55.85
48,16,599842.94,55.85
48,17,599842.94,55.85
48,18,599842.94,55.85
48,19,599842.94,55.85
48,20,596366.2,55.53
48,21,370143.7,35.65
48,22,370143.7,35.65
48,23,370143.7,35.65
48,24,370143.7,35.65
48,25,370143.7,35.65
48,26,370143.7,35.65
48,27,370143.7,35.65
48,28,196427.5,18.92
48,29,196427.5,18.92
48,30,196427.5,18.92
48,31,196427.5,18.92
48,32,175717.15,16.93
48,33,148103.35,14.27
48,34,-11881.73,-1.16
48,35,140846.27,13.96
48,36,140846.27,13.96
48,37,140846.27,13.96
48,38,140846.27,13.96
48,39,199042.16,19.88
48,40,90150.23,9.09
48,41,0,0
48,42,0,0
48,43,0,0
48,44,0,0
48,45,0,0
48,46,0,0
48,47,0,0
48,48,0,0
48,49,0,0
48,50,0,0
49,1,0,0
49,2,-754247.34,-70.23
49,3,-59091.7,-5.5
49,4,-222881.03,-20.75
49,5,-425079.01,-39.58
49,6,-846634.86,-78.84
49,7,-975853.2,-90.87
49,8,-1017123.83,-94.71
49,9,-1003366.95,-93.43
49,10,740082.45,68.91
49,11,704553.56,65.61
49,12,733335.83,68.29
49,13,490006.76,45.63
49,14,490006.76,45.63
49,15,490006.76,45.63
49,16,490006.76,45.63
49,17,490006.76,45.63
49,18,490006.76,45.63
49,19,490006.76,45.63
49,20,486530.03,45.3
49,21,295040.15,28.42
49,22,295040.15,28.42
49,23,295040.15,28.42
49,24,295040.15,28.42
49,25,295040.15,28.42
49,26,295040.15,28.42
49,27,295040.15,28.42
49,28,175717.15,16.93
49,29,175717.15,16.93
49,30,175717.15,16.93
49,31,175717.15,16.93
49,32,175717.15,16.93
49,33,148103.35,14.27
49,34,-11881.73,-1.16
49,35,140846.27,13.96
49,36,140846.27,13.96
49,37,140846.27,13.96
49,38,140846.27,13.96
49,39,199042.16,19.88
49,40,90150.23,9.09
49,41,0,0
49,42,0,0
49,43,0,0
49,44,0,0
49,45,0,0
49,46,0,0
49,47,0,0
49,48,0,0
49,49,0,0
49,50,0,0
50,1,0,0
50,2,-332691.49,-30.98
50,3,-198319.18,-18.47
50,4,-222881.03,-20.75
50,5,-229427.75,-21.36
50,6,-425079.01,-39.58
50,7,-975853.2,-90.87
50,8,-1003366.95,-93.43
50,9,-945196.91,-88.01
50,10,-8563.43,-0.8
50,11,704553.56,65.61
50,12,733335.83,68.29
50,13,490006.76,45.63
50,14,490006.76,45.63
50,15,490006.76,45.63
50,16,490006.76,45.63
50,17,490006.76,45.63
50,18,490006.76,45.63
50,19,490006.76,45.63
50,20,486530.03,45.3
50,21,295040.15,28.42
50,22,295040.15,28.42
50,23,295040.15,28.42
50,24,295040.15,28.42
50,25,295040.15,28.42
50,26,295040.15,28.42
50,27,295040.15,28.42
50,28,22187.9,2.14
50,29,175717.15,16.93
50,30,175717.15,16.93
50,31,175717.15,16.93
50,32,175717.15,16.93
50,33,148103.35,14.27
50,34,-11881.73,-1.16
50,35,140846.27,13.96
50,36,140846.27,13.96
50,37,140846.27,13.96
50,38,140846.27,13.96
50,39,199042.16,19.88
50,40,90150.23,9.09
50,41,0,0
50,42,0,0
50,43,0,0
50,44,0,0
50,45,0,0
50,46,0,0
50,47,0,0
50,48,0,0
50,49,0,0
50,50,0,0
